Company_Name,Category,Website,Contact_Department,Target_Email,Recommended_Service,Custom_Pitch_Hook
"Binance","Crypto Exchange","https://binance.com","PR & Media","pr@binance.com","Elite Authority Blitz ($12,000 - $20,000)","Pitching Binance's trading volume milestones, proof of reserves, and new asset listings directly to Tier-1 financial journalists."
"OKX","Crypto Exchange","https://okx.com","Media Desk","media@okx.com","Elite Authority Blitz ($12,000 - $20,000)","Pitching OKX's trading volume milestones, proof of reserves, and new asset listings directly to Tier-1 financial journalists."
"Bybit","Crypto Exchange","https://bybit.com","Media Relations","media@bybit.com","Elite Authority Blitz ($12,000 - $20,000)","Pitching Bybit's trading volume milestones, proof of reserves, and new asset listings directly to Tier-1 financial journalists."
"Coinbase","Crypto Exchange","https://coinbase.com","Press Office","press@coinbase.com","Cointelegraph ($6,999) + Financial Wire","Pitching Coinbase's trading volume milestones, proof of reserves, and new asset listings directly to Tier-1 financial journalists."
"Kraken","Crypto Exchange","https://kraken.com","Press & Media","press@kraken.com","Cointelegraph ($6,999) + Financial Wire","Pitching Kraken's trading volume milestones, proof of reserves, and new asset listings directly to Tier-1 financial journalists."
"KuCoin","Crypto Exchange","https://kucoin.com","Communications","media@kucoin.com","Cointelegraph ($6,999) + Financial Wire","Pitching KuCoin's trading volume milestones, proof of reserves, and new asset listings directly to Tier-1 financial journalists."
"Gate.io","Crypto Exchange","https://gate.io","Business & Marketing","business@gate.com","Cointelegraph ($6,999) + Financial Wire","Pitching Gate.io's trading volume milestones, proof of reserves, and new asset listings directly to Tier-1 financial journalists."
"Bitget","Crypto Exchange","https://bitget.com","Media & PR","media@bitget.com","Cointelegraph ($6,999) + Financial Wire","Pitching Bitget's trading volume milestones, proof of reserves, and new asset listings directly to Tier-1 financial journalists."
"MEXC Global","Crypto Exchange","https://mexc.com","Media Desk","media@mexc.com","Cointelegraph ($6,999) + Financial Wire","Pitching MEXC Global's trading volume milestones, proof of reserves, and new asset listings directly to Tier-1 financial journalists."
"HTX (Huobi)","Crypto Exchange","https://htx.com","Media Office","media@htx.com","Cointelegraph ($6,999) + Financial Wire","Pitching HTX (Huobi)'s trading volume milestones, proof of reserves, and new asset listings directly to Tier-1 financial journalists."
"BingX","Crypto Exchange","https://bingx.com","Media & BD","media@bingx.com","Cointelegraph ($6,999) + Financial Wire","Pitching BingX's trading volume milestones, proof of reserves, and new asset listings directly to Tier-1 financial journalists."
"BingX Partnerships","Crypto Exchange","https://bingx.com","Partnerships","partnership@bingx.com","Cointelegraph ($6,999) + Financial Wire","Pitching BingX Partnerships's trading volume milestones, proof of reserves, and new asset listings directly to Tier-1 financial journalists."
"LBank","Crypto Exchange","https://lbank.com","Press & Media","press@lbank.com","Cointelegraph ($6,999) + Financial Wire","Pitching LBank's trading volume milestones, proof of reserves, and new asset listings directly to Tier-1 financial journalists."
"BitMart","Crypto Exchange","https://bitmart.com","Marketing & Growth","marketing@bitmart.com","Cointelegraph ($6,999) + Financial Wire","Pitching BitMart's trading volume milestones, proof of reserves, and new asset listings directly to Tier-1 financial journalists."
"Coinstore","Crypto Exchange","https://coinstore.com","Global Marketing","marketing@coinstore.com","Cointelegraph ($6,999) + Financial Wire","Pitching Coinstore's trading volume milestones, proof of reserves, and new asset listings directly to Tier-1 financial journalists."
"CoinEx","Crypto Exchange","https://coinex.com","Global PR","PR@coinex.com","Cointelegraph ($6,999) + Financial Wire","Pitching CoinEx's trading volume milestones, proof of reserves, and new asset listings directly to Tier-1 financial journalists."
"CoinEx BD","Crypto Exchange","https://coinex.com","Business Dev","bd@coinex.com","Cointelegraph ($6,999) + Financial Wire","Pitching CoinEx BD's trading volume milestones, proof of reserves, and new asset listings directly to Tier-1 financial journalists."
"Phemex","Crypto Exchange","https://phemex.com","PR & Marketing","media@phemex.com","Cointelegraph ($6,999) + Financial Wire","Pitching Phemex's trading volume milestones, proof of reserves, and new asset listings directly to Tier-1 financial journalists."
"Phemex BD","Crypto Exchange","https://phemex.com","Institutional BD","bd@phemex.com","Cointelegraph ($6,999) + Financial Wire","Pitching Phemex BD's trading volume milestones, proof of reserves, and new asset listings directly to Tier-1 financial journalists."
"Bitstamp","Crypto Exchange","https://bitstamp.net","Press Office","press@bitstamp.net","Cointelegraph ($6,999) + Financial Wire","Pitching Bitstamp's trading volume milestones, proof of reserves, and new asset listings directly to Tier-1 financial journalists."
"Gemini","Crypto Exchange","https://gemini.com","Press Desk","press@gemini.com","Cointelegraph ($6,999) + Financial Wire","Pitching Gemini's trading volume milestones, proof of reserves, and new asset listings directly to Tier-1 financial journalists."
"Bitfinex","Crypto Exchange","https://bitfinex.com","Media Relations","press@bitfinex.com","Cointelegraph ($6,999) + Financial Wire","Pitching Bitfinex's trading volume milestones, proof of reserves, and new asset listings directly to Tier-1 financial journalists."
"Crypto.com","Crypto Exchange","https://crypto.com","Press & PR","press@crypto.com","Cointelegraph ($6,999) + Financial Wire","Pitching Crypto.com's trading volume milestones, proof of reserves, and new asset listings directly to Tier-1 financial journalists."
"WhiteBIT","Crypto Exchange","https://whitebit.com","PR & Marketing","pr@whitebit.com","Cointelegraph ($6,999) + Financial Wire","Pitching WhiteBIT's trading volume milestones, proof of reserves, and new asset listings directly to Tier-1 financial journalists."
"XT.com","Crypto Exchange","https://xt.com","Media Desk","media@xt.com","Cointelegraph ($6,999) + Financial Wire","Pitching XT.com's trading volume milestones, proof of reserves, and new asset listings directly to Tier-1 financial journalists."
"Toobit","Crypto Exchange","https://toobit.com","Media & BD","media@toobit.com","Cointelegraph ($6,999) + Financial Wire","Pitching Toobit's trading volume milestones, proof of reserves, and new asset listings directly to Tier-1 financial journalists."
"Blofin","Crypto Exchange","https://blofin.com","Media Relations","media@blofin.com","Cointelegraph ($6,999) + Financial Wire","Pitching Blofin's trading volume milestones, proof of reserves, and new asset listings directly to Tier-1 financial journalists."
"Bitunix","Crypto Exchange","https://bitunix.com","Media Desk","media@bitunix.com","Cointelegraph ($6,999) + Financial Wire","Pitching Bitunix's trading volume milestones, proof of reserves, and new asset listings directly to Tier-1 financial journalists."
"WEEX","Crypto Exchange","https://weex.com","Media Office","media@weex.com","Cointelegraph ($6,999) + Financial Wire","Pitching WEEX's trading volume milestones, proof of reserves, and new asset listings directly to Tier-1 financial journalists."
"Margex","Crypto Derivatives","https://margex.com","PR & Media","pr@margex.com","Cointelegraph ($6,999) + Financial Wire","Pitching Margex's trading volume milestones, proof of reserves, and new asset listings directly to Tier-1 financial journalists."
"PrimeXBT","Multi-Asset Trading","https://primexbt.com","Press & Media","pr@primexbt.com","Cointelegraph ($6,999) + Financial Wire","Pitching PrimeXBT's trading volume milestones, proof of reserves, and new asset listings directly to Tier-1 financial journalists."
"Coinsbit","Crypto Exchange","https://coinsbit.io","Marketing Desk","marketing@coinsbit.io","Cointelegraph ($6,999) + Financial Wire","Pitching Coinsbit's trading volume milestones, proof of reserves, and new asset listings directly to Tier-1 financial journalists."
"Poloniex","Crypto Exchange","https://poloniex.com","Media Relations","press@poloniex.com","Cointelegraph ($6,999) + Financial Wire","Pitching Poloniex's trading volume milestones, proof of reserves, and new asset listings directly to Tier-1 financial journalists."
"ProBit Global","Crypto Exchange","https://probit.com","Partnerships & PR","marketing@probit.com","Cointelegraph ($6,999) + Financial Wire","Pitching ProBit Global's trading volume milestones, proof of reserves, and new asset listings directly to Tier-1 financial journalists."
"Deribit","Crypto Derivatives","https://deribit.com","Institutional Desk","support@deribit.com","Cointelegraph ($6,999) + Financial Wire","Pitching Deribit's trading volume milestones, proof of reserves, and new asset listings directly to Tier-1 financial journalists."
"WazirX","Crypto Exchange","https://wazirx.com","PR Office","press@wazirx.com","Cointelegraph ($6,999) + Financial Wire","Pitching WazirX's trading volume milestones, proof of reserves, and new asset listings directly to Tier-1 financial journalists."
"CoinDCX","Crypto Exchange","https://coindcx.com","Media Desk","press@coindcx.com","Cointelegraph ($6,999) + Financial Wire","Pitching CoinDCX's trading volume milestones, proof of reserves, and new asset listings directly to Tier-1 financial journalists."
"CoinSwitch","Crypto Platform","https://coinswitch.co","Communications","press@coinswitch.co","Cointelegraph ($6,999) + Financial Wire","Pitching CoinSwitch's trading volume milestones, proof of reserves, and new asset listings directly to Tier-1 financial journalists."
"Bitso","Crypto Exchange","https://bitso.com","Press Desk","press@bitso.com","Cointelegraph ($6,999) + Financial Wire","Pitching Bitso's trading volume milestones, proof of reserves, and new asset listings directly to Tier-1 financial journalists."
"Mercado Bitcoin","Crypto Exchange","https://mercadobitcoin.com.br","Imprensa / PR","imprensa@mercadobitcoin.com.br","Cointelegraph ($6,999) + Financial Wire","Pitching Mercado Bitcoin's trading volume milestones, proof of reserves, and new asset listings directly to Tier-1 financial journalists."
"BitFlyer","Crypto Exchange","https://bitflyer.com","Press Office","press@bitflyer.com","Cointelegraph ($6,999) + Financial Wire","Pitching BitFlyer's trading volume milestones, proof of reserves, and new asset listings directly to Tier-1 financial journalists."
"Coincheck","Crypto Exchange","https://coincheck.com","Media Desk","pr@coincheck.com","Cointelegraph ($6,999) + Financial Wire","Pitching Coincheck's trading volume milestones, proof of reserves, and new asset listings directly to Tier-1 financial journalists."
"Bithumb","Crypto Exchange","https://bithumb.com","PR Team","press@bithumb.com","Cointelegraph ($6,999) + Financial Wire","Pitching Bithumb's trading volume milestones, proof of reserves, and new asset listings directly to Tier-1 financial journalists."
"Upbit","Crypto Exchange","https://upbit.com","Press Office","press@upbit.com","Cointelegraph ($6,999) + Financial Wire","Pitching Upbit's trading volume milestones, proof of reserves, and new asset listings directly to Tier-1 financial journalists."
"Coinone","Crypto Exchange","https://coinone.co.kr","Media Desk","pr@coinone.com","Cointelegraph ($6,999) + Financial Wire","Pitching Coinone's trading volume milestones, proof of reserves, and new asset listings directly to Tier-1 financial journalists."
"Indodax","Crypto Exchange","https://indodax.com","Media & PR","media@indodax.com","Cointelegraph ($6,999) + Financial Wire","Pitching Indodax's trading volume milestones, proof of reserves, and new asset listings directly to Tier-1 financial journalists."
"Bitkub","Crypto Exchange","https://bitkub.com","Communications","press@bitkub.com","Cointelegraph ($6,999) + Financial Wire","Pitching Bitkub's trading volume milestones, proof of reserves, and new asset listings directly to Tier-1 financial journalists."
"Coins.ph","Crypto Wallet & Exchange","https://coins.ph","PR & Media","media@coins.ph","Cointelegraph ($6,999) + Financial Wire","Pitching Coins.ph's trading volume milestones, proof of reserves, and new asset listings directly to Tier-1 financial journalists."
"Paribu","Crypto Exchange","https://paribu.com","Basın / Press","basin@paribu.com","Cointelegraph ($6,999) + Financial Wire","Pitching Paribu's trading volume milestones, proof of reserves, and new asset listings directly to Tier-1 financial journalists."
"BtcTurk","Crypto Exchange","https://btcturk.com","Media Relations","basin@btcturk.com","Cointelegraph ($6,999) + Financial Wire","Pitching BtcTurk's trading volume milestones, proof of reserves, and new asset listings directly to Tier-1 financial journalists."
"AscendEX","Crypto & Trading Platform","https://ascendex.com","Marketing & PR","media@ascendex.com","Cointelegraph ($6,999) + Financial Wire","Pitching AscendEX's trading volume milestones, proof of reserves, and new asset listings directly to Tier-1 financial journalists."
"BigONE","Crypto & Trading Platform","https://big.one","Marketing & PR","pr@big.one","Cointelegraph ($6,999) + Financial Wire","Pitching BigONE's trading volume milestones, proof of reserves, and new asset listings directly to Tier-1 financial journalists."
"DigiFinex","Crypto & Trading Platform","https://digifinex.com","Marketing & PR","media@digifinex.com","Cointelegraph ($6,999) + Financial Wire","Pitching DigiFinex's trading volume milestones, proof of reserves, and new asset listings directly to Tier-1 financial journalists."
"CoinTiger","Crypto & Trading Platform","https://cointiger.com","Marketing & PR","media@cointiger.com","Cointelegraph ($6,999) + Financial Wire","Pitching CoinTiger's trading volume milestones, proof of reserves, and new asset listings directly to Tier-1 financial journalists."
"BKEX","Crypto & Trading Platform","https://bkex.com","Marketing & PR","support@bkex.com","Cointelegraph ($6,999) + Financial Wire","Pitching BKEX's trading volume milestones, proof of reserves, and new asset listings directly to Tier-1 financial journalists."
"FameEX","Crypto & Trading Platform","https://fameex.com","Marketing & PR","business@fameex.com","Cointelegraph ($6,999) + Financial Wire","Pitching FameEX's trading volume milestones, proof of reserves, and new asset listings directly to Tier-1 financial journalists."
"BVOX","Crypto & Trading Platform","https://bvox.com","Marketing & PR","support@bvox.com","Cointelegraph ($6,999) + Financial Wire","Pitching BVOX's trading volume milestones, proof of reserves, and new asset listings directly to Tier-1 financial journalists."
"Zoomex","Crypto & Trading Platform","https://zoomex.com","Marketing & PR","business@zoomex.com","Cointelegraph ($6,999) + Financial Wire","Pitching Zoomex's trading volume milestones, proof of reserves, and new asset listings directly to Tier-1 financial journalists."
"Deepcoin","Crypto & Trading Platform","https://deepcoin.com","Marketing & PR","marketing@deepcoin.com","Cointelegraph ($6,999) + Financial Wire","Pitching Deepcoin's trading volume milestones, proof of reserves, and new asset listings directly to Tier-1 financial journalists."
"CoinCatch","Crypto & Trading Platform","https://coincatch.com","Marketing & PR","media@coincatch.com","Cointelegraph ($6,999) + Financial Wire","Pitching CoinCatch's trading volume milestones, proof of reserves, and new asset listings directly to Tier-1 financial journalists."
"BTSE","Crypto & Trading Platform","https://btse.com","Marketing & PR","press@btse.com","Cointelegraph ($6,999) + Financial Wire","Pitching BTSE's trading volume milestones, proof of reserves, and new asset listings directly to Tier-1 financial journalists."
"Bitrue","Crypto & Trading Platform","https://bitrue.com","Marketing & PR","pr@bitrue.com","Cointelegraph ($6,999) + Financial Wire","Pitching Bitrue's trading volume milestones, proof of reserves, and new asset listings directly to Tier-1 financial journalists."
"CoinW","Crypto & Trading Platform","https://coinw.com","Marketing & PR","media@coinw.com","Cointelegraph ($6,999) + Financial Wire","Pitching CoinW's trading volume milestones, proof of reserves, and new asset listings directly to Tier-1 financial journalists."
"Tapbit","Crypto & Trading Platform","https://tapbit.com","Marketing & PR","media@tapbit.com","Cointelegraph ($6,999) + Financial Wire","Pitching Tapbit's trading volume milestones, proof of reserves, and new asset listings directly to Tier-1 financial journalists."
"Tidex","Crypto & Trading Platform","https://tidex.com","Marketing & PR","pr@tidex.com","Cointelegraph ($6,999) + Financial Wire","Pitching Tidex's trading volume milestones, proof of reserves, and new asset listings directly to Tier-1 financial journalists."
"Exmo","Crypto & Trading Platform","https://exmo.com","Marketing & PR","pr@exmo.com","Cointelegraph ($6,999) + Financial Wire","Pitching Exmo's trading volume milestones, proof of reserves, and new asset listings directly to Tier-1 financial journalists."
"Kinesis Money","Crypto & Trading Platform","https://kinesis.money","Marketing & PR","marketing@kinesis.money","Cointelegraph ($6,999) + Financial Wire","Pitching Kinesis Money's trading volume milestones, proof of reserves, and new asset listings directly to Tier-1 financial journalists."
"LCX","Crypto & Trading Platform","https://lcx.com","Marketing & PR","press@lcx.com","Cointelegraph ($6,999) + Financial Wire","Pitching LCX's trading volume milestones, proof of reserves, and new asset listings directly to Tier-1 financial journalists."
"Bitpanda","Crypto & Trading Platform","https://bitpanda.com","Marketing & PR","press@bitpanda.com","Cointelegraph ($6,999) + Financial Wire","Pitching Bitpanda's trading volume milestones, proof of reserves, and new asset listings directly to Tier-1 financial journalists."
"Archax","Crypto & Trading Platform","https://archax.com","Marketing & PR","info@archax.com","Cointelegraph ($6,999) + Financial Wire","Pitching Archax's trading volume milestones, proof of reserves, and new asset listings directly to Tier-1 financial journalists."
"B2C2","Crypto & Trading Platform","https://b2c2.com","Marketing & PR","press@b2c2.com","Cointelegraph ($6,999) + Financial Wire","Pitching B2C2's trading volume milestones, proof of reserves, and new asset listings directly to Tier-1 financial journalists."
"Wintermute","Crypto & Trading Platform","https://wintermute.com","Marketing & PR","media@wintermute.com","Cointelegraph ($6,999) + Financial Wire","Pitching Wintermute's trading volume milestones, proof of reserves, and new asset listings directly to Tier-1 financial journalists."
"Cumberland","Crypto & Trading Platform","https://cumberland.io","Marketing & PR","info@cumberland.io","Cointelegraph ($6,999) + Financial Wire","Pitching Cumberland's trading volume milestones, proof of reserves, and new asset listings directly to Tier-1 financial journalists."
"GSR","Crypto & Trading Platform","https://gsr.io","Marketing & PR","media@gsr.io","Cointelegraph ($6,999) + Financial Wire","Pitching GSR's trading volume milestones, proof of reserves, and new asset listings directly to Tier-1 financial journalists."
"Flowdesk","Crypto & Trading Platform","https://flowdesk.co","Marketing & PR","marketing@flowdesk.co","Cointelegraph ($6,999) + Financial Wire","Pitching Flowdesk's trading volume milestones, proof of reserves, and new asset listings directly to Tier-1 financial journalists."
"FalconX","Crypto & Trading Platform","https://falconx.io","Marketing & PR","press@falconx.io","Cointelegraph ($6,999) + Financial Wire","Pitching FalconX's trading volume milestones, proof of reserves, and new asset listings directly to Tier-1 financial journalists."
"Copper","Crypto & Trading Platform","https://copper.co","Marketing & PR","press@copper.co","Cointelegraph ($6,999) + Financial Wire","Pitching Copper's trading volume milestones, proof of reserves, and new asset listings directly to Tier-1 financial journalists."
"Fireblocks","Crypto & Trading Platform","https://fireblocks.com","Marketing & PR","press@fireblocks.com","Cointelegraph ($6,999) + Financial Wire","Pitching Fireblocks's trading volume milestones, proof of reserves, and new asset listings directly to Tier-1 financial journalists."
"BitGo","Crypto & Trading Platform","https://bitgo.com","Marketing & PR","press@bitgo.com","Cointelegraph ($6,999) + Financial Wire","Pitching BitGo's trading volume milestones, proof of reserves, and new asset listings directly to Tier-1 financial journalists."
"Ledger","Crypto & Trading Platform","https://ledger.com","Marketing & PR","press@ledger.com","Cointelegraph ($6,999) + Financial Wire","Pitching Ledger's trading volume milestones, proof of reserves, and new asset listings directly to Tier-1 financial journalists."
"Trezor","Crypto & Trading Platform","https://trezor.io","Marketing & PR","press@trezor.io","Cointelegraph ($6,999) + Financial Wire","Pitching Trezor's trading volume milestones, proof of reserves, and new asset listings directly to Tier-1 financial journalists."
"Tangem","Crypto & Trading Platform","https://tangem.com","Marketing & PR","media@tangem.com","Cointelegraph ($6,999) + Financial Wire","Pitching Tangem's trading volume milestones, proof of reserves, and new asset listings directly to Tier-1 financial journalists."
"SafePal","Crypto & Trading Platform","https://safepal.com","Marketing & PR","marketing@safepal.com","Cointelegraph ($6,999) + Financial Wire","Pitching SafePal's trading volume milestones, proof of reserves, and new asset listings directly to Tier-1 financial journalists."
"Trust Wallet","Crypto & Trading Platform","https://trustwallet.com","Marketing & PR","press@trustwallet.com","Cointelegraph ($6,999) + Financial Wire","Pitching Trust Wallet's trading volume milestones, proof of reserves, and new asset listings directly to Tier-1 financial journalists."
"MetaMask","Crypto & Trading Platform","https://metamask.io","Marketing & PR","press@consensys.net","Cointelegraph ($6,999) + Financial Wire","Pitching MetaMask's trading volume milestones, proof of reserves, and new asset listings directly to Tier-1 financial journalists."
"Phantom","Crypto & Trading Platform","https://phantom.app","Marketing & PR","press@phantom.app","Cointelegraph ($6,999) + Financial Wire","Pitching Phantom's trading volume milestones, proof of reserves, and new asset listings directly to Tier-1 financial journalists."
"Exodus","Crypto & Trading Platform","https://exodus.com","Marketing & PR","press@exodus.com","Cointelegraph ($6,999) + Financial Wire","Pitching Exodus's trading volume milestones, proof of reserves, and new asset listings directly to Tier-1 financial journalists."
"Atomic Wallet","Crypto & Trading Platform","https://atomicwallet.io","Marketing & PR","marketing@atomicwallet.io","Cointelegraph ($6,999) + Financial Wire","Pitching Atomic Wallet's trading volume milestones, proof of reserves, and new asset listings directly to Tier-1 financial journalists."
"Zerion","Crypto & Trading Platform","https://zerion.io","Marketing & PR","media@zerion.io","Cointelegraph ($6,999) + Financial Wire","Pitching Zerion's trading volume milestones, proof of reserves, and new asset listings directly to Tier-1 financial journalists."
"Rabby Wallet","Crypto & Trading Platform","https://rabby.io","Marketing & PR","contact@debank.com","Cointelegraph ($6,999) + Financial Wire","Pitching Rabby Wallet's trading volume milestones, proof of reserves, and new asset listings directly to Tier-1 financial journalists."
"Rainbow","Crypto & Trading Platform","https://rainbow.me","Marketing & PR","press@rainbow.me","Cointelegraph ($6,999) + Financial Wire","Pitching Rainbow's trading volume milestones, proof of reserves, and new asset listings directly to Tier-1 financial journalists."
"BitKeep (Bitget Wallet)","Crypto & Trading Platform","https://web3.bitget.com","Marketing & PR","media@bitget.com","Cointelegraph ($6,999) + Financial Wire","Pitching BitKeep (Bitget Wallet)'s trading volume milestones, proof of reserves, and new asset listings directly to Tier-1 financial journalists."
"Coin98","Crypto & Trading Platform","https://coin98.com","Marketing & PR","business@coin98.com","Cointelegraph ($6,999) + Financial Wire","Pitching Coin98's trading volume milestones, proof of reserves, and new asset listings directly to Tier-1 financial journalists."
"Argent","Crypto & Trading Platform","https://argent.xyz","Marketing & PR","press@argent.xyz","Cointelegraph ($6,999) + Financial Wire","Pitching Argent's trading volume milestones, proof of reserves, and new asset listings directly to Tier-1 financial journalists."
"Zengo","Crypto & Trading Platform","https://zengo.com","Marketing & PR","press@zengo.com","Cointelegraph ($6,999) + Financial Wire","Pitching Zengo's trading volume milestones, proof of reserves, and new asset listings directly to Tier-1 financial journalists."
"Exness","Forex Broker","https://exness.com","Communications","support@exness.com","Forbes Council ($7,500) + Benzinga Editorial Wire","Positioning Exness's institutional liquidity, multi-regulated licensing, and trader execution on top global finance publications."
"Pepperstone","Forex Broker","https://pepperstone.com","Press Office","media@pepperstone.com","Forbes Council ($7,500) + Benzinga Editorial Wire","Positioning Pepperstone's institutional liquidity, multi-regulated licensing, and trader execution on top global finance publications."
"IC Markets","Forex Broker","https://icmarkets.com","Marketing Desk","marketing@icmarkets.com","Forbes Council ($7,500) + Benzinga Editorial Wire","Positioning IC Markets's institutional liquidity, multi-regulated licensing, and trader execution on top global finance publications."
"IC Markets Partners","Forex Broker","https://icmarkets.com","Partnerships","partners@icmarkets.com","Forbes Council ($7,500) + Benzinga Editorial Wire","Positioning IC Markets Partners's institutional liquidity, multi-regulated licensing, and trader execution on top global finance publications."
"Vantage Markets","Forex Broker","https://vantagemarkets.com","Strategic Partnerships","partnerships@vantagemarkets.com","Forbes Council ($7,500) + Benzinga Editorial Wire","Positioning Vantage Markets's institutional liquidity, multi-regulated licensing, and trader execution on top global finance publications."
"FP Markets","Forex Broker","https://fpmarkets.com","Partners & Marketing","partners@fpmarkets.com","Forbes Council ($7,500) + Benzinga Editorial Wire","Positioning FP Markets's institutional liquidity, multi-regulated licensing, and trader execution on top global finance publications."
"BlackBull Markets","Forex Broker","https://blackbull.com","Institutional Partners","partners@blackbull.com","Forbes Council ($7,500) + Benzinga Editorial Wire","Positioning BlackBull Markets's institutional liquidity, multi-regulated licensing, and trader execution on top global finance publications."
"BlackBull Affiliates","Forex Broker","https://blackbull.com","Affiliates","affiliates@blackbull.com","Forbes Council ($7,500) + Benzinga Editorial Wire","Positioning BlackBull Affiliates's institutional liquidity, multi-regulated licensing, and trader execution on top global finance publications."
"Tickmill","Forex Broker","https://tickmill.com","Media Support","support@tickmill.com","Forbes Council ($7,500) + Benzinga Editorial Wire","Positioning Tickmill's institutional liquidity, multi-regulated licensing, and trader execution on top global finance publications."
"RoboForex","Forex Broker","https://roboforex.com","Partnerships","partners@roboforex.com","Forbes Council ($7,500) + Benzinga Editorial Wire","Positioning RoboForex's institutional liquidity, multi-regulated licensing, and trader execution on top global finance publications."
"AvaTrade","Forex Broker","https://avatrade.com","AvaPartner Marketing","support@avapartner.com","Forbes Council ($7,500) + Benzinga Editorial Wire","Positioning AvaTrade's institutional liquidity, multi-regulated licensing, and trader execution on top global finance publications."
"HFM (HotForex)","Forex Broker","https://hfm.com","Partnerships & PR","partners@hfm.com","Forbes Council ($7,500) + Benzinga Editorial Wire","Positioning HFM (HotForex)'s institutional liquidity, multi-regulated licensing, and trader execution on top global finance publications."
"Axi","Forex Broker","https://axi.com","Partnerships","partners@axi.com","Forbes Council ($7,500) + Benzinga Editorial Wire","Positioning Axi's institutional liquidity, multi-regulated licensing, and trader execution on top global finance publications."
"BDSwiss","Forex Broker","https://bdswiss.com","Partners & Media","partners@bdswiss.com","Forbes Council ($7,500) + Benzinga Editorial Wire","Positioning BDSwiss's institutional liquidity, multi-regulated licensing, and trader execution on top global finance publications."
"MultiBank Group","Forex Broker","https://multibankfx.com","Institutional Desk","partners@multibankfx.com","Forbes Council ($7,500) + Benzinga Editorial Wire","Positioning MultiBank Group's institutional liquidity, multi-regulated licensing, and trader execution on top global finance publications."
"Eightcap","Forex Broker","https://eightcap.com","Partnerships","partners@eightcap.com","Forbes Council ($7,500) + Benzinga Editorial Wire","Positioning Eightcap's institutional liquidity, multi-regulated licensing, and trader execution on top global finance publications."
"OctaFX (Octa)","Forex Broker","https://octabroker.com","Agency Partnerships","support@octaassist.com","Forbes Council ($7,500) + Benzinga Editorial Wire","Positioning OctaFX (Octa)'s institutional liquidity, multi-regulated licensing, and trader execution on top global finance publications."
"FXTM","Forex Broker","https://fxtm.com","Marketing & PR","marketing@fxtm.com","Forbes Council ($7,500) + Benzinga Editorial Wire","Positioning FXTM's institutional liquidity, multi-regulated licensing, and trader execution on top global finance publications."
"XM Global","Forex Broker","https://xm.com","Partnerships","support@xm.com","Forbes Council ($7,500) + Benzinga Editorial Wire","Positioning XM Global's institutional liquidity, multi-regulated licensing, and trader execution on top global finance publications."
"Plus500","CFD & Forex Broker","https://plus500.com","Investor Relations & PR","ir@plus500.com","Forbes Council ($7,500) + Benzinga Editorial Wire","Positioning Plus500's institutional liquidity, multi-regulated licensing, and trader execution on top global finance publications."
"IG Group","Global Brokerage","https://ig.com","Press Office","press@ig.com","Forbes Council ($7,500) + Benzinga Editorial Wire","Positioning IG Group's institutional liquidity, multi-regulated licensing, and trader execution on top global finance publications."
"Saxo Bank","Investment Bank / Broker","https://home.saxo","Press Desk","press@saxobank.com","Forbes Council ($7,500) + Benzinga Editorial Wire","Positioning Saxo Bank's institutional liquidity, multi-regulated licensing, and trader execution on top global finance publications."
"Swissquote","Swiss Online Bank / FX","https://swissquote.com","Media Relations","media@swissquote.ch","Forbes Council ($7,500) + Benzinga Editorial Wire","Positioning Swissquote's institutional liquidity, multi-regulated licensing, and trader execution on top global finance publications."
"CMC Markets","Global Broker","https://cmcmarkets.com","Media Team","pressoffice@cmcmarkets.com","Forbes Council ($7,500) + Benzinga Editorial Wire","Positioning CMC Markets's institutional liquidity, multi-regulated licensing, and trader execution on top global finance publications."
"OANDA","Forex Broker","https://oanda.com","Press & Communications","pr@oanda.com","Forbes Council ($7,500) + Benzinga Editorial Wire","Positioning OANDA's institutional liquidity, multi-regulated licensing, and trader execution on top global finance publications."
"FOREX.com (StoneX)","Forex Broker","https://forex.com","Media Inquiries","media@stonex.com","Forbes Council ($7,500) + Benzinga Editorial Wire","Positioning FOREX.com (StoneX)'s institutional liquidity, multi-regulated licensing, and trader execution on top global finance publications."
"FxPro","Forex Broker","https://fxpro.com","Marketing & PR","media@fxpro.com","Forbes Council ($7,500) + Benzinga Editorial Wire","Positioning FxPro's institutional liquidity, multi-regulated licensing, and trader execution on top global finance publications."
"XTB","Online Broker","https://xtb.com","Press Office","pr@xtb.com","Forbes Council ($7,500) + Benzinga Editorial Wire","Positioning XTB's institutional liquidity, multi-regulated licensing, and trader execution on top global finance publications."
"Admirals","Forex & Stock Broker","https://admiralmarkets.com","Media Desk","pr@admiralmarkets.com","Forbes Council ($7,500) + Benzinga Editorial Wire","Positioning Admirals's institutional liquidity, multi-regulated licensing, and trader execution on top global finance publications."
"Trading 212","Fintech Broker","https://trading212.com","Press & PR","press@trading212.com","Forbes Council ($7,500) + Benzinga Editorial Wire","Positioning Trading 212's institutional liquidity, multi-regulated licensing, and trader execution on top global finance publications."
"Libertex","CFD & Forex Broker","https://libertex.com","Media Relations","media@libertex.com","Forbes Council ($7,500) + Benzinga Editorial Wire","Positioning Libertex's institutional liquidity, multi-regulated licensing, and trader execution on top global finance publications."
"FBS","Forex Broker","https://fbs.com","Marketing Desk","partners@fbs.com","Forbes Council ($7,500) + Benzinga Editorial Wire","Positioning FBS's institutional liquidity, multi-regulated licensing, and trader execution on top global finance publications."
"Deriv","Online Trading","https://deriv.com","Affiliates & Partners","affiliates@deriv.com","Forbes Council ($7,500) + Benzinga Editorial Wire","Positioning Deriv's institutional liquidity, multi-regulated licensing, and trader execution on top global finance publications."
"ThinkMarkets","Forex Broker","https://thinkmarkets.com","Marketing & PR","pr@thinkmarkets.com","Forbes Council ($7,500) + Benzinga Editorial Wire","Positioning ThinkMarkets's institutional liquidity, multi-regulated licensing, and trader execution on top global finance publications."
"Dukascopy Bank","Swiss FX Bank","https://dukascopy.com","Media & PR","press@dukascopy.com","Forbes Council ($7,500) + Benzinga Editorial Wire","Positioning Dukascopy Bank's institutional liquidity, multi-regulated licensing, and trader execution on top global finance publications."
"HYCM","Forex Broker","https://hycm.com","Partnerships","support@hycm.com","Forbes Council ($7,500) + Benzinga Editorial Wire","Positioning HYCM's institutional liquidity, multi-regulated licensing, and trader execution on top global finance publications."
"easyMarkets","Forex Broker","https://easymarkets.com","Marketing Desk","pr@easymarkets.com","Forbes Council ($7,500) + Benzinga Editorial Wire","Positioning easyMarkets's institutional liquidity, multi-regulated licensing, and trader execution on top global finance publications."
"IronFX","Forex Broker","https://ironfx.com","Affiliates & PR","affiliates@ironfx.com","Forbes Council ($7,500) + Benzinga Editorial Wire","Positioning IronFX's institutional liquidity, multi-regulated licensing, and trader execution on top global finance publications."
"Windsor Brokers","Forex Broker","https://windsorbrokers.com","Marketing","partners@windsorbrokers.com","Forbes Council ($7,500) + Benzinga Editorial Wire","Positioning Windsor Brokers's institutional liquidity, multi-regulated licensing, and trader execution on top global finance publications."
"Moneta Markets","Forex & CFD Broker","https://monetamarkets.com","Partners & Marketing","partners@monetamarkets.com","Forbes Council ($7,500) + Benzinga Editorial Wire","Positioning Moneta Markets's institutional liquidity, multi-regulated licensing, and trader execution on top global finance publications."
"VT Markets","Forex & CFD Broker","https://vtmarkets.com","Partners & Marketing","partners@vtmarkets.com","Forbes Council ($7,500) + Benzinga Editorial Wire","Positioning VT Markets's institutional liquidity, multi-regulated licensing, and trader execution on top global finance publications."
"PU Prime","Forex & CFD Broker","https://puprime.com","Partners & Marketing","partners@puprime.com","Forbes Council ($7,500) + Benzinga Editorial Wire","Positioning PU Prime's institutional liquidity, multi-regulated licensing, and trader execution on top global finance publications."
"Ultima Markets","Forex & CFD Broker","https://ultimamarkets.com","Partners & Marketing","partners@ultimamarkets.com","Forbes Council ($7,500) + Benzinga Editorial Wire","Positioning Ultima Markets's institutional liquidity, multi-regulated licensing, and trader execution on top global finance publications."
"STARTRADER","Forex & CFD Broker","https://startrader.com","Partners & Marketing","partners@startrader.com","Forbes Council ($7,500) + Benzinga Editorial Wire","Positioning STARTRADER's institutional liquidity, multi-regulated licensing, and trader execution on top global finance publications."
"GO Markets","Forex & CFD Broker","https://gomarkets.com","Partners & Marketing","marketing@gomarkets.com","Forbes Council ($7,500) + Benzinga Editorial Wire","Positioning GO Markets's institutional liquidity, multi-regulated licensing, and trader execution on top global finance publications."
"Key to Markets","Forex & CFD Broker","https://keytomarkets.com","Partners & Marketing","info@keytomarkets.com","Forbes Council ($7,500) + Benzinga Editorial Wire","Positioning Key to Markets's institutional liquidity, multi-regulated licensing, and trader execution on top global finance publications."
"JustMarkets","Forex & CFD Broker","https://justmarkets.com","Partners & Marketing","partners@justmarkets.com","Forbes Council ($7,500) + Benzinga Editorial Wire","Positioning JustMarkets's institutional liquidity, multi-regulated licensing, and trader execution on top global finance publications."
"InstaForex","Forex & CFD Broker","https://instaforex.com","Partners & Marketing","partners@instaforex.com","Forbes Council ($7,500) + Benzinga Editorial Wire","Positioning InstaForex's institutional liquidity, multi-regulated licensing, and trader execution on top global finance publications."
"LiteFinance","Forex & CFD Broker","https://litefinance.com","Partners & Marketing","partners@litefinance.com","Forbes Council ($7,500) + Benzinga Editorial Wire","Positioning LiteFinance's institutional liquidity, multi-regulated licensing, and trader execution on top global finance publications."
"NordFX","Forex & CFD Broker","https://nordfx.com","Partners & Marketing","affiliate@nordfx.com","Forbes Council ($7,500) + Benzinga Editorial Wire","Positioning NordFX's institutional liquidity, multi-regulated licensing, and trader execution on top global finance publications."
"FXOpen","Forex & CFD Broker","https://fxopen.com","Partners & Marketing","marketing@fxopen.com","Forbes Council ($7,500) + Benzinga Editorial Wire","Positioning FXOpen's institutional liquidity, multi-regulated licensing, and trader execution on top global finance publications."
"Axiory","Forex & CFD Broker","https://axiory.com","Partners & Marketing","partners@axiory.com","Forbes Council ($7,500) + Benzinga Editorial Wire","Positioning Axiory's institutional liquidity, multi-regulated licensing, and trader execution on top global finance publications."
"Tier1FX","Forex & CFD Broker","https://tier1fx.com","Partners & Marketing","info@tier1fx.com","Forbes Council ($7,500) + Benzinga Editorial Wire","Positioning Tier1FX's institutional liquidity, multi-regulated licensing, and trader execution on top global finance publications."
"SwissMarkets","Forex & CFD Broker","https://swissmarkets.com","Partners & Marketing","partners@swissmarkets.com","Forbes Council ($7,500) + Benzinga Editorial Wire","Positioning SwissMarkets's institutional liquidity, multi-regulated licensing, and trader execution on top global finance publications."
"Orbex","Forex & CFD Broker","https://orbex.com","Partners & Marketing","partners@orbex.com","Forbes Council ($7,500) + Benzinga Editorial Wire","Positioning Orbex's institutional liquidity, multi-regulated licensing, and trader execution on top global finance publications."
"FTMO","Prop Trading Firm","https://ftmo.com","Press & Media","media@ftmo.com","Entrepreneur ($8,500) + High-DA Financial Wire ($4,500)","Showcasing FTMO's trader payout records, innovative challenge models, and proprietary tech to retail trading audiences worldwide."
"FundedNext","Prop Trading Firm","https://fundednext.com","Communications","communications@fundednext.com","Entrepreneur ($8,500) + High-DA Financial Wire ($4,500)","Showcasing FundedNext's trader payout records, innovative challenge models, and proprietary tech to retail trading audiences worldwide."
"FundedNext Partners","Prop Trading Firm","https://fundednext.com","Partnerships","partner@fundednext.com","Entrepreneur ($8,500) + High-DA Financial Wire ($4,500)","Showcasing FundedNext Partners's trader payout records, innovative challenge models, and proprietary tech to retail trading audiences worldwide."
"Funding Pips","Prop Trading Firm","https://fundingpips.com","Partnerships","support@fundingpips.com","Entrepreneur ($8,500) + High-DA Financial Wire ($4,500)","Showcasing Funding Pips's trader payout records, innovative challenge models, and proprietary tech to retail trading audiences worldwide."
"E8 Markets","Prop Trading Firm","https://e8markets.com","Partnerships & Media","support@e8markets.com","Entrepreneur ($8,500) + High-DA Financial Wire ($4,500)","Showcasing E8 Markets's trader payout records, innovative challenge models, and proprietary tech to retail trading audiences worldwide."
"Funded Trading Plus","Prop Trading Firm","https://fundedtradingplus.com","Partners & Marketing","partners@fundedtradingplus.com","Entrepreneur ($8,500) + High-DA Financial Wire ($4,500)","Showcasing Funded Trading Plus's trader payout records, innovative challenge models, and proprietary tech to retail trading audiences worldwide."
"Alpha Capital Group","Prop Trading Firm","https://alphacapitalgroup.uk","Management & PR","info@alphacapitalgroup.uk","Entrepreneur ($8,500) + High-DA Financial Wire ($4,500)","Showcasing Alpha Capital Group's trader payout records, innovative challenge models, and proprietary tech to retail trading audiences worldwide."
"Goat Funded Trader","Prop Trading Firm","https://goatfundedtrader.com","Partnerships","partners@goatfundedtrader.com","Entrepreneur ($8,500) + High-DA Financial Wire ($4,500)","Showcasing Goat Funded Trader's trader payout records, innovative challenge models, and proprietary tech to retail trading audiences worldwide."
"The Funded Trader","Prop Trading Firm","https://thefundedtraderprogram.com","Media Support","support@thefundedtraderprogram.com","Entrepreneur ($8,500) + High-DA Financial Wire ($4,500)","Showcasing The Funded Trader's trader payout records, innovative challenge models, and proprietary tech to retail trading audiences worldwide."
"City Traders Imperium","Prop Firm","https://citytradersimperium.com","Partnerships","cti@citytradersimperium.com","Entrepreneur ($8,500) + High-DA Financial Wire ($4,500)","Showcasing City Traders Imperium's trader payout records, innovative challenge models, and proprietary tech to retail trading audiences worldwide."
"SurgeTrader","Prop Firm","https://surgetrader.com","PR Desk","info@surgetrader.com","Entrepreneur ($8,500) + High-DA Financial Wire ($4,500)","Showcasing SurgeTrader's trader payout records, innovative challenge models, and proprietary tech to retail trading audiences worldwide."
"Trade The Pool","Stock Prop Firm","https://tradethepool.com","Partners","support@tradethepool.com","Entrepreneur ($8,500) + High-DA Financial Wire ($4,500)","Showcasing Trade The Pool's trader payout records, innovative challenge models, and proprietary tech to retail trading audiences worldwide."
"Topstep","Futures Prop Firm","https://topstep.com","Press Office","press@topstep.com","Entrepreneur ($8,500) + High-DA Financial Wire ($4,500)","Showcasing Topstep's trader payout records, innovative challenge models, and proprietary tech to retail trading audiences worldwide."
"Apex Trader Funding","Futures Prop Firm","https://apextraderfunding.com","Marketing & Affiliates","support@apextraderfunding.com","Entrepreneur ($8,500) + High-DA Financial Wire ($4,500)","Showcasing Apex Trader Funding's trader payout records, innovative challenge models, and proprietary tech to retail trading audiences worldwide."
"Earn2Trade","Prop Trading Education","https://earn2trade.com","Partnerships","support@earn2trade.com","Entrepreneur ($8,500) + High-DA Financial Wire ($4,500)","Showcasing Earn2Trade's trader payout records, innovative challenge models, and proprietary tech to retail trading audiences worldwide."
"Bulenox","Futures Prop Trading","https://bulenox.com","Support & Media","support@bulenox.com","Entrepreneur ($8,500) + High-DA Financial Wire ($4,500)","Showcasing Bulenox's trader payout records, innovative challenge models, and proprietary tech to retail trading audiences worldwide."
"Elite Trader Funding","Prop Firm","https://elitetraderfunding.com","Partnerships","support@elitetraderfunding.com","Entrepreneur ($8,500) + High-DA Financial Wire ($4,500)","Showcasing Elite Trader Funding's trader payout records, innovative challenge models, and proprietary tech to retail trading audiences worldwide."
"MyFundedFX","Prop Firm","https://myfundedfx.com","Partners","support@myfundedfx.com","Entrepreneur ($8,500) + High-DA Financial Wire ($4,500)","Showcasing MyFundedFX's trader payout records, innovative challenge models, and proprietary tech to retail trading audiences worldwide."
"The5%ers","Prop Firm","https://the5ers.com","PR & Marketing","help@the5ers.com","Entrepreneur ($8,500) + High-DA Financial Wire ($4,500)","Showcasing The5%ers's trader payout records, innovative challenge models, and proprietary tech to retail trading audiences worldwide."
"FunderPro","Prop Firm","https://funderpro.com","Partnerships","support@funderpro.com","Entrepreneur ($8,500) + High-DA Financial Wire ($4,500)","Showcasing FunderPro's trader payout records, innovative challenge models, and proprietary tech to retail trading audiences worldwide."
"Blue Guardian","Prop Firm","https://blueguardian.com","Marketing & PR","support@blueguardian.com","Entrepreneur ($8,500) + High-DA Financial Wire ($4,500)","Showcasing Blue Guardian's trader payout records, innovative challenge models, and proprietary tech to retail trading audiences worldwide."
"Bespoke Funding","Prop Firm","https://bespokefundingprogram.com","Partnerships","support@bespokefundingprogram.com","Entrepreneur ($8,500) + High-DA Financial Wire ($4,500)","Showcasing Bespoke Funding's trader payout records, innovative challenge models, and proprietary tech to retail trading audiences worldwide."
"TON Foundation","Layer 1 Blockchain","https://ton.org","Press Office","press@ton.foundation","Web3 Starter ($1,400) + Cointelegraph ($6,999)","Amplifying TON Foundation's onchain TVL, developer ecosystem growth, and mainnet announcements with guaranteed permanent dofollow editorial placements."
"TRON Network","Layer 1 Blockchain","https://tron.network","Press Office","press@tron.network","Web3 Starter ($1,400) + Cointelegraph ($6,999)","Amplifying TRON Network's onchain TVL, developer ecosystem growth, and mainnet announcements with guaranteed permanent dofollow editorial placements."
"Solana Labs","Layer 1 Blockchain","https://solana.com","Press & Media","press@solana.com","Web3 Starter ($1,400) + Cointelegraph ($6,999)","Amplifying Solana Labs's onchain TVL, developer ecosystem growth, and mainnet announcements with guaranteed permanent dofollow editorial placements."
"Ripple","Enterprise Web3","https://ripple.com","Corporate Press","press@ripple.com","Web3 Starter ($1,400) + Cointelegraph ($6,999)","Amplifying Ripple's onchain TVL, developer ecosystem growth, and mainnet announcements with guaranteed permanent dofollow editorial placements."
"Mysten Labs (Sui)","Layer 1 Blockchain","https://mystenlabs.com","Press & Media","press@mystenlabs.com","Web3 Starter ($1,400) + Cointelegraph ($6,999)","Amplifying Mysten Labs (Sui)'s onchain TVL, developer ecosystem growth, and mainnet announcements with guaranteed permanent dofollow editorial placements."
"Ava Labs (Avalanche)","Layer 1 Blockchain","https://avax.network","Media Relations","press@avalabs.org","Web3 Starter ($1,400) + Cointelegraph ($6,999)","Amplifying Ava Labs (Avalanche)'s onchain TVL, developer ecosystem growth, and mainnet announcements with guaranteed permanent dofollow editorial placements."
"Aptos Labs","Layer 1 Blockchain","https://aptoslabs.com","Press Office","press@aptoslabs.com","Web3 Starter ($1,400) + Cointelegraph ($6,999)","Amplifying Aptos Labs's onchain TVL, developer ecosystem growth, and mainnet announcements with guaranteed permanent dofollow editorial placements."
"Chainlink Labs","Oracle Protocol","https://chain.link","Press & Media","press@chainlinklabs.com","Web3 Starter ($1,400) + Cointelegraph ($6,999)","Amplifying Chainlink Labs's onchain TVL, developer ecosystem growth, and mainnet announcements with guaranteed permanent dofollow editorial placements."
"NEAR Foundation","Layer 1 Blockchain","https://near.foundation","Global Communications","press@near.foundation","Web3 Starter ($1,400) + Cointelegraph ($6,999)","Amplifying NEAR Foundation's onchain TVL, developer ecosystem growth, and mainnet announcements with guaranteed permanent dofollow editorial placements."
"Arbitrum Foundation","Layer 2 Blockchain","https://arbitrum.foundation","Press Office","press@arbitrum.foundation","Web3 Starter ($1,400) + Cointelegraph ($6,999)","Amplifying Arbitrum Foundation's onchain TVL, developer ecosystem growth, and mainnet announcements with guaranteed permanent dofollow editorial placements."
"Optimism Foundation","Layer 2 Blockchain","https://optimism.io","Media & Press","press@optimism.io","Web3 Starter ($1,400) + Cointelegraph ($6,999)","Amplifying Optimism Foundation's onchain TVL, developer ecosystem growth, and mainnet announcements with guaranteed permanent dofollow editorial placements."
"Injective Labs","Layer 1 DeFi","https://injective.com","Ecosystem PR","contact@injectivelabs.org","Web3 Starter ($1,400) + Cointelegraph ($6,999)","Amplifying Injective Labs's onchain TVL, developer ecosystem growth, and mainnet announcements with guaranteed permanent dofollow editorial placements."
"Sui Foundation","Layer 1 Blockchain","https://sui.io","Communications","press@sui.io","Web3 Starter ($1,400) + Cointelegraph ($6,999)","Amplifying Sui Foundation's onchain TVL, developer ecosystem growth, and mainnet announcements with guaranteed permanent dofollow editorial placements."
"Polygon Labs","Layer 2 Blockchain","https://polygon.technology","Press Office","media@polygon.technology","Web3 Starter ($1,400) + Cointelegraph ($6,999)","Amplifying Polygon Labs's onchain TVL, developer ecosystem growth, and mainnet announcements with guaranteed permanent dofollow editorial placements."
"Uniswap Labs","DEX Protocol","https://uniswap.org","Media Desk","press@uniswap.org","Web3 Starter ($1,400) + Cointelegraph ($6,999)","Amplifying Uniswap Labs's onchain TVL, developer ecosystem growth, and mainnet announcements with guaranteed permanent dofollow editorial placements."
"Aave","Lending Protocol","https://aave.com","Press & Media","press@aave.com","Web3 Starter ($1,400) + Cointelegraph ($6,999)","Amplifying Aave's onchain TVL, developer ecosystem growth, and mainnet announcements with guaranteed permanent dofollow editorial placements."
"Lido Finance","Liquid Staking","https://lido.fi","Ecosystem PR","press@lido.fi","Web3 Starter ($1,400) + Cointelegraph ($6,999)","Amplifying Lido Finance's onchain TVL, developer ecosystem growth, and mainnet announcements with guaranteed permanent dofollow editorial placements."
"MakerDAO / Sky","DeFi Protocol","https://makerdao.com","Media Office","press@makerdao.com","Web3 Starter ($1,400) + Cointelegraph ($6,999)","Amplifying MakerDAO / Sky's onchain TVL, developer ecosystem growth, and mainnet announcements with guaranteed permanent dofollow editorial placements."
"Curve Finance","DEX Protocol","https://curve.fi","Ecosystem PR","press@curve.fi","Web3 Starter ($1,400) + Cointelegraph ($6,999)","Amplifying Curve Finance's onchain TVL, developer ecosystem growth, and mainnet announcements with guaranteed permanent dofollow editorial placements."
"EigenLayer","Restaking Protocol","https://eigenlayer.xyz","Media Desk","press@eigenlayer.xyz","Web3 Starter ($1,400) + Cointelegraph ($6,999)","Amplifying EigenLayer's onchain TVL, developer ecosystem growth, and mainnet announcements with guaranteed permanent dofollow editorial placements."
"Pendle Finance","Yield Protocol","https://pendle.finance","Growth & Media","contact@pendle.finance","Web3 Starter ($1,400) + Cointelegraph ($6,999)","Amplifying Pendle Finance's onchain TVL, developer ecosystem growth, and mainnet announcements with guaranteed permanent dofollow editorial placements."
"Ethena Labs","Synthetic Dollar","https://ethena.fi","Press Office","press@ethena.fi","Web3 Starter ($1,400) + Cointelegraph ($6,999)","Amplifying Ethena Labs's onchain TVL, developer ecosystem growth, and mainnet announcements with guaranteed permanent dofollow editorial placements."
"Jupiter Exchange","Solana DEX Aggregator","https://jup.ag","Media Desk","press@jup.ag","Web3 Starter ($1,400) + Cointelegraph ($6,999)","Amplifying Jupiter Exchange's onchain TVL, developer ecosystem growth, and mainnet announcements with guaranteed permanent dofollow editorial placements."
"Raydium","Solana AMM","https://raydium.io","Ecosystem Partnerships","contact@raydium.io","Web3 Starter ($1,400) + Cointelegraph ($6,999)","Amplifying Raydium's onchain TVL, developer ecosystem growth, and mainnet announcements with guaranteed permanent dofollow editorial placements."
"Synthetix","Derivatives Protocol","https://synthetix.io","Media & Marketing","marketing@synthetix.io","Web3 Starter ($1,400) + Cointelegraph ($6,999)","Amplifying Synthetix's onchain TVL, developer ecosystem growth, and mainnet announcements with guaranteed permanent dofollow editorial placements."
"Compound Finance","Lending Protocol","https://compound.finance","Press Office","press@compound.finance","Web3 Starter ($1,400) + Cointelegraph ($6,999)","Amplifying Compound Finance's onchain TVL, developer ecosystem growth, and mainnet announcements with guaranteed permanent dofollow editorial placements."
"Morpho","Lending Protocol","https://morpho.org","Communications","contact@morpho.org","Web3 Starter ($1,400) + Cointelegraph ($6,999)","Amplifying Morpho's onchain TVL, developer ecosystem growth, and mainnet announcements with guaranteed permanent dofollow editorial placements."
"Balancer","DEX Protocol","https://balancer.fi","Marketing & Media","press@balancer.fi","Web3 Starter ($1,400) + Cointelegraph ($6,999)","Amplifying Balancer's onchain TVL, developer ecosystem growth, and mainnet announcements with guaranteed permanent dofollow editorial placements."
"Convex Finance","Yield Optimizer","https://convexfinance.com","Ecosystem PR","press@convexfinance.com","Web3 Starter ($1,400) + Cointelegraph ($6,999)","Amplifying Convex Finance's onchain TVL, developer ecosystem growth, and mainnet announcements with guaranteed permanent dofollow editorial placements."
"GMX","Perpetual DEX","https://gmx.io","Marketing & Media","press@gmx.io","Web3 Starter ($1,400) + Cointelegraph ($6,999)","Amplifying GMX's onchain TVL, developer ecosystem growth, and mainnet announcements with guaranteed permanent dofollow editorial placements."
"dYdX Foundation","Perpetual Exchange","https://dydx.exchange","Press & Media","press@dydx.exchange","Web3 Starter ($1,400) + Cointelegraph ($6,999)","Amplifying dYdX Foundation's onchain TVL, developer ecosystem growth, and mainnet announcements with guaranteed permanent dofollow editorial placements."
"Osmosis","Cosmos DEX","https://osmosis.zone","Communications","press@osmosis.zone","Web3 Starter ($1,400) + Cointelegraph ($6,999)","Amplifying Osmosis's onchain TVL, developer ecosystem growth, and mainnet announcements with guaranteed permanent dofollow editorial placements."
"Rocket Pool","Liquid Staking","https://rocketpool.net","Media Relations","media@rocketpool.net","Web3 Starter ($1,400) + Cointelegraph ($6,999)","Amplifying Rocket Pool's onchain TVL, developer ecosystem growth, and mainnet announcements with guaranteed permanent dofollow editorial placements."
"Stargate Finance","Cross-Chain Bridge","https://stargate.finance","Ecosystem PR","press@stargate.finance","Web3 Starter ($1,400) + Cointelegraph ($6,999)","Amplifying Stargate Finance's onchain TVL, developer ecosystem growth, and mainnet announcements with guaranteed permanent dofollow editorial placements."
"Frax Finance","DeFi Ecosystem","https://frax.finance","Media Desk","press@frax.finance","Web3 Starter ($1,400) + Cointelegraph ($6,999)","Amplifying Frax Finance's onchain TVL, developer ecosystem growth, and mainnet announcements with guaranteed permanent dofollow editorial placements."
"Venus Protocol","BNB Chain Lending","https://venus.io","PR Desk","press@venus.io","Web3 Starter ($1,400) + Cointelegraph ($6,999)","Amplifying Venus Protocol's onchain TVL, developer ecosystem growth, and mainnet announcements with guaranteed permanent dofollow editorial placements."
"Benqi","Avalanche DeFi","https://benqi.fi","Media Office","contact@benqi.fi","Web3 Starter ($1,400) + Cointelegraph ($6,999)","Amplifying Benqi's onchain TVL, developer ecosystem growth, and mainnet announcements with guaranteed permanent dofollow editorial placements."
"Camelot DEX","Arbitrum DEX","https://camelot.exchange","Ecosystem Growth","contact@camelot.exchange","Web3 Starter ($1,400) + Cointelegraph ($6,999)","Amplifying Camelot DEX's onchain TVL, developer ecosystem growth, and mainnet announcements with guaranteed permanent dofollow editorial placements."
"Aerodrome Finance","Base DEX","https://aerodrome.finance","Media Desk","contact@aerodrome.finance","Web3 Starter ($1,400) + Cointelegraph ($6,999)","Amplifying Aerodrome Finance's onchain TVL, developer ecosystem growth, and mainnet announcements with guaranteed permanent dofollow editorial placements."
"Velodrome Finance","Optimism DEX","https://velodrome.finance","Media Desk","contact@velodrome.finance","Web3 Starter ($1,400) + Cointelegraph ($6,999)","Amplifying Velodrome Finance's onchain TVL, developer ecosystem growth, and mainnet announcements with guaranteed permanent dofollow editorial placements."
"Marinade Finance","Solana Liquid Staking","https://marinade.finance","Communications","press@marinade.finance","Web3 Starter ($1,400) + Cointelegraph ($6,999)","Amplifying Marinade Finance's onchain TVL, developer ecosystem growth, and mainnet announcements with guaranteed permanent dofollow editorial placements."
"Kamino Finance","Solana DeFi","https://kamino.finance","Growth & Media","contact@kamino.finance","Web3 Starter ($1,400) + Cointelegraph ($6,999)","Amplifying Kamino Finance's onchain TVL, developer ecosystem growth, and mainnet announcements with guaranteed permanent dofollow editorial placements."
"Drift Protocol","Solana Perp DEX","https://drift.trade","Media Desk","press@drift.trade","Web3 Starter ($1,400) + Cointelegraph ($6,999)","Amplifying Drift Protocol's onchain TVL, developer ecosystem growth, and mainnet announcements with guaranteed permanent dofollow editorial placements."
"Zeta Markets","Solana Derivatives","https://zeta.markets","Growth & PR","contact@zeta.markets","Web3 Starter ($1,400) + Cointelegraph ($6,999)","Amplifying Zeta Markets's onchain TVL, developer ecosystem growth, and mainnet announcements with guaranteed permanent dofollow editorial placements."
"Orca","Solana DEX","https://orca.so","Media Desk","press@orca.so","Web3 Starter ($1,400) + Cointelegraph ($6,999)","Amplifying Orca's onchain TVL, developer ecosystem growth, and mainnet announcements with guaranteed permanent dofollow editorial placements."
"Meteora","Solana Dynamic AMM","https://meteora.ag","Ecosystem Growth","contact@meteora.ag","Web3 Starter ($1,400) + Cointelegraph ($6,999)","Amplifying Meteora's onchain TVL, developer ecosystem growth, and mainnet announcements with guaranteed permanent dofollow editorial placements."
"Pyth Network","Oracle Protocol","https://pyth.network","Press Office","press@pyth.network","Web3 Starter ($1,400) + Cointelegraph ($6,999)","Amplifying Pyth Network's onchain TVL, developer ecosystem growth, and mainnet announcements with guaranteed permanent dofollow editorial placements."
"LayerZero Labs","Omnichain Protocol","https://layerzero.network","Press Office","press@layerzero.network","Web3 Starter ($1,400) + Cointelegraph ($6,999)","Amplifying LayerZero Labs's onchain TVL, developer ecosystem growth, and mainnet announcements with guaranteed permanent dofollow editorial placements."
"Wormhole","Interoperability","https://wormhole.com","Communications","press@wormhole.com","Web3 Starter ($1,400) + Cointelegraph ($6,999)","Amplifying Wormhole's onchain TVL, developer ecosystem growth, and mainnet announcements with guaranteed permanent dofollow editorial placements."
"Axelar Network","Cross-Chain Protocol","https://axelar.network","Press Desk","press@axelar.network","Web3 Starter ($1,400) + Cointelegraph ($6,999)","Amplifying Axelar Network's onchain TVL, developer ecosystem growth, and mainnet announcements with guaranteed permanent dofollow editorial placements."
"Immutable","Gaming L2","https://immutable.com","Press & Marketing","press@immutable.com","CoinDesk ($8,000) + Cointelegraph Duo","Amplifying Immutable's onchain TVL, developer ecosystem growth, and mainnet announcements with guaranteed permanent dofollow editorial placements."
"Sei Network","Trading L1","https://sei.io","Press & Marketing","media@sei.io","CoinDesk ($8,000) + Cointelegraph Duo","Amplifying Sei Network's onchain TVL, developer ecosystem growth, and mainnet announcements with guaranteed permanent dofollow editorial placements."
"Celestia","Modular DA","https://celestia.org","Press & Marketing","press@celestia.org","Web3 Starter ($1,400) + Cointelegraph ($6,999)","Amplifying Celestia's onchain TVL, developer ecosystem growth, and mainnet announcements with guaranteed permanent dofollow editorial placements."
"Manta Network","Modular L2","https://manta.network","Press & Marketing","press@manta.network","CoinDesk ($8,000) + Cointelegraph Duo","Amplifying Manta Network's onchain TVL, developer ecosystem growth, and mainnet announcements with guaranteed permanent dofollow editorial placements."
"Starknet","ZK-Rollup","https://starknet.io","Press & Marketing","press@starknet.io","Web3 Starter ($1,400) + Cointelegraph ($6,999)","Amplifying Starknet's onchain TVL, developer ecosystem growth, and mainnet announcements with guaranteed permanent dofollow editorial placements."
"zkSync Era","ZK-Rollup","https://zksync.io","Press & Marketing","press@matter-labs.io","Web3 Starter ($1,400) + Cointelegraph ($6,999)","Amplifying zkSync Era's onchain TVL, developer ecosystem growth, and mainnet announcements with guaranteed permanent dofollow editorial placements."
"Scroll","ZK-EVM","https://scroll.io","Press & Marketing","press@scroll.io","Web3 Starter ($1,400) + Cointelegraph ($6,999)","Amplifying Scroll's onchain TVL, developer ecosystem growth, and mainnet announcements with guaranteed permanent dofollow editorial placements."
"Linea","Consensys L2","https://linea.build","Press & Marketing","press@consensys.net","CoinDesk ($8,000) + Cointelegraph Duo","Amplifying Linea's onchain TVL, developer ecosystem growth, and mainnet announcements with guaranteed permanent dofollow editorial placements."
"Base","Coinbase L2","https://base.org","Press & Marketing","press@base.org","CoinDesk ($8,000) + Cointelegraph Duo","Amplifying Base's onchain TVL, developer ecosystem growth, and mainnet announcements with guaranteed permanent dofollow editorial placements."
"Blast","Yield L2","https://blast.io","Press & Marketing","press@blast.io","CoinDesk ($8,000) + Cointelegraph Duo","Amplifying Blast's onchain TVL, developer ecosystem growth, and mainnet announcements with guaranteed permanent dofollow editorial placements."
"Dymension","RollApps L1","https://dymension.xyz","Press & Marketing","press@dymension.xyz","CoinDesk ($8,000) + Cointelegraph Duo","Amplifying Dymension's onchain TVL, developer ecosystem growth, and mainnet announcements with guaranteed permanent dofollow editorial placements."
"Berachain","Proof of Liquidity","https://berachain.com","Press & Marketing","press@berachain.com","Web3 Starter ($1,400) + Cointelegraph ($6,999)","Amplifying Berachain's onchain TVL, developer ecosystem growth, and mainnet announcements with guaranteed permanent dofollow editorial placements."
"Monad","Parallel EVM","https://monad.xyz","Press & Marketing","press@monad.xyz","Web3 Starter ($1,400) + Cointelegraph ($6,999)","Amplifying Monad's onchain TVL, developer ecosystem growth, and mainnet announcements with guaranteed permanent dofollow editorial placements."
"Aleo","Zero Knowledge L1","https://aleo.org","Press & Marketing","press@aleo.org","CoinDesk ($8,000) + Cointelegraph Duo","Amplifying Aleo's onchain TVL, developer ecosystem growth, and mainnet announcements with guaranteed permanent dofollow editorial placements."
"Astar Network","Polkadot L1","https://astar.network","Press & Marketing","press@astar.network","CoinDesk ($8,000) + Cointelegraph Duo","Amplifying Astar Network's onchain TVL, developer ecosystem growth, and mainnet announcements with guaranteed permanent dofollow editorial placements."
"Floki","Ecosystem Token","https://floki.com","Press & Marketing","media@floki.com","Web3 Starter ($1,400) + Cointelegraph ($6,999)","Amplifying Floki's onchain TVL, developer ecosystem growth, and mainnet announcements with guaranteed permanent dofollow editorial placements."
"Bonk","Solana Meme / Eco","https://bonkcoin.com","Press & Marketing","media@bonkcoin.com","Web3 Starter ($1,400) + Cointelegraph ($6,999)","Amplifying Bonk's onchain TVL, developer ecosystem growth, and mainnet announcements with guaranteed permanent dofollow editorial placements."
"Pepe","Memecoin Ecosystem","https://pepe.vip","Press & Marketing","contact@pepe.vip","Web3 Starter ($1,400) + Cointelegraph ($6,999)","Amplifying Pepe's onchain TVL, developer ecosystem growth, and mainnet announcements with guaranteed permanent dofollow editorial placements."
"Dogwifhat","Solana Community","https://dogwifcoin.org","Press & Marketing","contact@dogwifcoin.org","Web3 Starter ($1,400) + Cointelegraph ($6,999)","Amplifying Dogwifhat's onchain TVL, developer ecosystem growth, and mainnet announcements with guaranteed permanent dofollow editorial placements."
"Shiba Inu","Ecosystem & Shibarium","https://shib.io","Press & Marketing","press@shib.io","Web3 Starter ($1,400) + Cointelegraph ($6,999)","Amplifying Shiba Inu's onchain TVL, developer ecosystem growth, and mainnet announcements with guaranteed permanent dofollow editorial placements."
"1inch Network","DEX Aggregator","https://1inch.io","Press & Marketing","press@1inch.io","Web3 Starter ($1,400) + Cointelegraph ($6,999)","Amplifying 1inch Network's onchain TVL, developer ecosystem growth, and mainnet announcements with guaranteed permanent dofollow editorial placements."
"PancakeSwap","Multi-Chain DEX","https://pancakeswap.finance","Press & Marketing","press@pancakeswap.finance","Web3 Starter ($1,400) + Cointelegraph ($6,999)","Amplifying PancakeSwap's onchain TVL, developer ecosystem growth, and mainnet announcements with guaranteed permanent dofollow editorial placements."
"SushiSwap","DEX Protocol","https://sushi.com","Press & Marketing","press@sushi.com","Web3 Starter ($1,400) + Cointelegraph ($6,999)","Amplifying SushiSwap's onchain TVL, developer ecosystem growth, and mainnet announcements with guaranteed permanent dofollow editorial placements."
"QuickSwap","Polygon DEX","https://quickswap.exchange","Press & Marketing","contact@quickswap.exchange","Web3 Starter ($1,400) + Cointelegraph ($6,999)","Amplifying QuickSwap's onchain TVL, developer ecosystem growth, and mainnet announcements with guaranteed permanent dofollow editorial placements."
"Trader Joe","Avalanche DEX","https://traderjoexyz.com","Press & Marketing","press@traderjoexyz.com","Web3 Starter ($1,400) + Cointelegraph ($6,999)","Amplifying Trader Joe's onchain TVL, developer ecosystem growth, and mainnet announcements with guaranteed permanent dofollow editorial placements."
"SpookySwap","Fantom DEX","https://spooky.fi","Press & Marketing","contact@spooky.fi","Web3 Starter ($1,400) + Cointelegraph ($6,999)","Amplifying SpookySwap's onchain TVL, developer ecosystem growth, and mainnet announcements with guaranteed permanent dofollow editorial placements."
"Thorchain","Cross-Chain DEX","https://thorchain.org","Press & Marketing","press@thorchain.org","Web3 Starter ($1,400) + Cointelegraph ($6,999)","Amplifying Thorchain's onchain TVL, developer ecosystem growth, and mainnet announcements with guaranteed permanent dofollow editorial placements."
"Secret Network","Privacy L1","https://scrt.network","Press & Marketing","press@scrt.network","CoinDesk ($8,000) + Cointelegraph Duo","Amplifying Secret Network's onchain TVL, developer ecosystem growth, and mainnet announcements with guaranteed permanent dofollow editorial placements."
"Oasis Network","Privacy L1","https://oasisprotocol.org","Press & Marketing","press@oasisprotocol.org","CoinDesk ($8,000) + Cointelegraph Duo","Amplifying Oasis Network's onchain TVL, developer ecosystem growth, and mainnet announcements with guaranteed permanent dofollow editorial placements."
"Helium","DePIN Network","https://helium.com","Press & Marketing","press@helium.com","Web3 Starter ($1,400) + Cointelegraph ($6,999)","Amplifying Helium's onchain TVL, developer ecosystem growth, and mainnet announcements with guaranteed permanent dofollow editorial placements."
"Render Network","Decentralized GPU","https://render.x.io","Press & Marketing","press@render.x.io","Web3 Starter ($1,400) + Cointelegraph ($6,999)","Amplifying Render Network's onchain TVL, developer ecosystem growth, and mainnet announcements with guaranteed permanent dofollow editorial placements."
"Bittensor (TAO)","Decentralized AI","https://bittensor.com","Press & Marketing","press@bittensor.com","Web3 Starter ($1,400) + Cointelegraph ($6,999)","Amplifying Bittensor (TAO)'s onchain TVL, developer ecosystem growth, and mainnet announcements with guaranteed permanent dofollow editorial placements."
"Fetch.ai","Autonomous AI","https://fetch.ai","Press & Marketing","press@fetch.ai","Web3 Starter ($1,400) + Cointelegraph ($6,999)","Amplifying Fetch.ai's onchain TVL, developer ecosystem growth, and mainnet announcements with guaranteed permanent dofollow editorial placements."
"SingularityNET","Decentralized AI","https://singularitynet.io","Press & Marketing","press@singularitynet.io","Web3 Starter ($1,400) + Cointelegraph ($6,999)","Amplifying SingularityNET's onchain TVL, developer ecosystem growth, and mainnet announcements with guaranteed permanent dofollow editorial placements."
"Ocean Protocol","Data Economy","https://oceanprotocol.com","Press & Marketing","press@oceanprotocol.com","Web3 Starter ($1,400) + Cointelegraph ($6,999)","Amplifying Ocean Protocol's onchain TVL, developer ecosystem growth, and mainnet announcements with guaranteed permanent dofollow editorial placements."
"Worldcoin","Identity & Proof of Human","https://worldcoin.org","Press & Marketing","press@worldcoin.org","Web3 Starter ($1,400) + Cointelegraph ($6,999)","Amplifying Worldcoin's onchain TVL, developer ecosystem growth, and mainnet announcements with guaranteed permanent dofollow editorial placements."
"Arkham","Onchain Analytics","https://arkhamintelligence.com","Press & Marketing","press@arkhamintelligence.com","Web3 Starter ($1,400) + Cointelegraph ($6,999)","Amplifying Arkham's onchain TVL, developer ecosystem growth, and mainnet announcements with guaranteed permanent dofollow editorial placements."
"Nansen","Blockchain Analytics","https://nansen.ai","Press & Marketing","press@nansen.ai","Web3 Starter ($1,400) + Cointelegraph ($6,999)","Amplifying Nansen's onchain TVL, developer ecosystem growth, and mainnet announcements with guaranteed permanent dofollow editorial placements."
"Dune","Crypto Data","https://dune.com","Press & Marketing","press@dune.com","Web3 Starter ($1,400) + Cointelegraph ($6,999)","Amplifying Dune's onchain TVL, developer ecosystem growth, and mainnet announcements with guaranteed permanent dofollow editorial placements."
"Token Terminal","Financial Metrics","https://tokenterminal.com","Press & Marketing","press@tokenterminal.com","Web3 Starter ($1,400) + Cointelegraph ($6,999)","Amplifying Token Terminal's onchain TVL, developer ecosystem growth, and mainnet announcements with guaranteed permanent dofollow editorial placements."
"DefiLlama","Open DeFi Data","https://defillama.com","Press & Marketing","press@defillama.com","Web3 Starter ($1,400) + Cointelegraph ($6,999)","Amplifying DefiLlama's onchain TVL, developer ecosystem growth, and mainnet announcements with guaranteed permanent dofollow editorial placements."
"CoinGecko","Crypto Data Aggregator","https://coingecko.com","Press & Marketing","press@coingecko.com","Web3 Starter ($1,400) + Cointelegraph ($6,999)","Amplifying CoinGecko's onchain TVL, developer ecosystem growth, and mainnet announcements with guaranteed permanent dofollow editorial placements."
"CoinMarketCap","Market Capitalization","https://coinmarketcap.com","Press & Marketing","press@coinmarketcap.com","Web3 Starter ($1,400) + Cointelegraph ($6,999)","Amplifying CoinMarketCap's onchain TVL, developer ecosystem growth, and mainnet announcements with guaranteed permanent dofollow editorial placements."
"Messari","Crypto Research","https://messari.io","Press & Marketing","press@messari.io","Web3 Starter ($1,400) + Cointelegraph ($6,999)","Amplifying Messari's onchain TVL, developer ecosystem growth, and mainnet announcements with guaranteed permanent dofollow editorial placements."
"The Block","Crypto Media & Data","https://theblock.co","Press & Marketing","press@theblock.co","Web3 Starter ($1,400) + Cointelegraph ($6,999)","Amplifying The Block's onchain TVL, developer ecosystem growth, and mainnet announcements with guaranteed permanent dofollow editorial placements."
"CryptoSlate","News & Terminal","https://cryptoslate.com","Press & Marketing","press@cryptoslate.com","Web3 Starter ($1,400) + Cointelegraph ($6,999)","Amplifying CryptoSlate's onchain TVL, developer ecosystem growth, and mainnet announcements with guaranteed permanent dofollow editorial placements."
"Blockworks","Financial Crypto News","https://blockworks.co","Press & Marketing","press@blockworks.co","Web3 Starter ($1,400) + Cointelegraph ($6,999)","Amplifying Blockworks's onchain TVL, developer ecosystem growth, and mainnet announcements with guaranteed permanent dofollow editorial placements."
"Decrypt","Web3 Media","https://decrypt.co","Press & Marketing","press@decrypt.co","Web3 Starter ($1,400) + Cointelegraph ($6,999)","Amplifying Decrypt's onchain TVL, developer ecosystem growth, and mainnet announcements with guaranteed permanent dofollow editorial placements."
"Bankless","Web3 Media & Education","https://bankless.com","Press & Marketing","press@bankless.com","Web3 Starter ($1,400) + Cointelegraph ($6,999)","Amplifying Bankless's onchain TVL, developer ecosystem growth, and mainnet announcements with guaranteed permanent dofollow editorial placements."
"Optimism Pay Protocol 1","Web3 Web3 Payments","https://pay-optimism-v1.org","Ecosystem & Marketing","contact@pay-optimism-v1.org","Web3 Launchpad Package ($1,400 - $4,500)","Fast-tracking Optimism Pay Protocol 1's merchant crypto gateway adoption & fiat off-ramps with guaranteed Tier-1 editorial coverage on Cointelegraph & Yahoo Finance."
"Avalanche Yield Protocol 2","Web3 Yield Aggregator","https://yield-avalanche-v2.org","Ecosystem & Marketing","contact@yield-avalanche-v2.org","Web3 Launchpad Package ($1,400 - $4,500)","Fast-tracking Avalanche Yield Protocol 2's automated vault strategies & APY optimization with guaranteed Tier-1 editorial coverage on Cointelegraph & Yahoo Finance."
"Solana Oracle Protocol 3","Web3 Data Infrastructure","https://oracle-solana-v3.org","Ecosystem & Marketing","contact@oracle-solana-v3.org","Web3 Launchpad Package ($1,400 - $4,500)","Fast-tracking Solana Oracle Protocol 3's sub-second price feed security & TVL secured with guaranteed Tier-1 editorial coverage on Cointelegraph & Yahoo Finance."
"TON Vault Protocol 4","Web3 Asset Management","https://vault-ton-v4.org","Ecosystem & Marketing","contact@vault-ton-v4.org","Web3 Launchpad Package ($1,400 - $4,500)","Fast-tracking TON Vault Protocol 4's institutional treasury management & risk vaults with guaranteed Tier-1 editorial coverage on Cointelegraph & Yahoo Finance."
"Polygon Lend Protocol 5","Web3 Lending & Borrowing","https://lend-polygon-v5.org","Ecosystem & Marketing","contact@lend-polygon-v5.org","Web3 Launchpad Package ($1,400 - $4,500)","Fast-tracking Polygon Lend Protocol 5's collateral TVL & zero-liquidation yield markets with guaranteed Tier-1 editorial coverage on Cointelegraph & Yahoo Finance."
"Base Launch Protocol 6","Web3 Token Launchpad","https://launch-base-v6.org","Ecosystem & Marketing","contact@launch-base-v6.org","Web3 Launchpad Package ($1,400 - $4,500)","Fast-tracking Base Launch Protocol 6's fair-launch IDO mechanics & presale oversubscriptions with guaranteed Tier-1 editorial coverage on Cointelegraph & Yahoo Finance."
"Sui Perp Protocol 7","Web3 Derivatives Exchange","https://perp-sui-v7.org","Ecosystem & Marketing","contact@perp-sui-v7.org","Web3 Launchpad Package ($1,400 - $4,500)","Fast-tracking Sui Perp Protocol 7's onchain leverage trading volume & low fees with guaranteed Tier-1 editorial coverage on Cointelegraph & Yahoo Finance."
"BNB Chain Swap Protocol 8","Web3 DEX & AMM","https://swap-bnbchain-v8.org","Ecosystem & Marketing","contact@swap-bnbchain-v8.org","Web3 Launchpad Package ($1,400 - $4,500)","Fast-tracking BNB Chain Swap Protocol 8's token liquidity & trading volume milestones with guaranteed Tier-1 editorial coverage on Cointelegraph & Yahoo Finance."
"Arbitrum Pay Protocol 9","Web3 Web3 Payments","https://pay-arbitrum-v9.org","Ecosystem & Marketing","contact@pay-arbitrum-v9.org","Web3 Launchpad Package ($1,400 - $4,500)","Fast-tracking Arbitrum Pay Protocol 9's merchant crypto gateway adoption & fiat off-ramps with guaranteed Tier-1 editorial coverage on Cointelegraph & Yahoo Finance."
"Ethereum Yield Protocol 10","Web3 Yield Aggregator","https://yield-ethereum-v10.org","Ecosystem & Marketing","contact@yield-ethereum-v10.org","Web3 Launchpad Package ($1,400 - $4,500)","Fast-tracking Ethereum Yield Protocol 10's automated vault strategies & APY optimization with guaranteed Tier-1 editorial coverage on Cointelegraph & Yahoo Finance."
"Optimism Oracle Protocol 11","Web3 Data Infrastructure","https://oracle-optimism-v11.org","Ecosystem & Marketing","contact@oracle-optimism-v11.org","Web3 Launchpad Package ($1,400 - $4,500)","Fast-tracking Optimism Oracle Protocol 11's sub-second price feed security & TVL secured with guaranteed Tier-1 editorial coverage on Cointelegraph & Yahoo Finance."
"Avalanche Vault Protocol 12","Web3 Asset Management","https://vault-avalanche-v12.org","Ecosystem & Marketing","contact@vault-avalanche-v12.org","Web3 Launchpad Package ($1,400 - $4,500)","Fast-tracking Avalanche Vault Protocol 12's institutional treasury management & risk vaults with guaranteed Tier-1 editorial coverage on Cointelegraph & Yahoo Finance."
"Solana Lend Protocol 13","Web3 Lending & Borrowing","https://lend-solana-v13.org","Ecosystem & Marketing","contact@lend-solana-v13.org","Web3 Launchpad Package ($1,400 - $4,500)","Fast-tracking Solana Lend Protocol 13's collateral TVL & zero-liquidation yield markets with guaranteed Tier-1 editorial coverage on Cointelegraph & Yahoo Finance."
"TON Launch Protocol 14","Web3 Token Launchpad","https://launch-ton-v14.org","Ecosystem & Marketing","contact@launch-ton-v14.org","Web3 Launchpad Package ($1,400 - $4,500)","Fast-tracking TON Launch Protocol 14's fair-launch IDO mechanics & presale oversubscriptions with guaranteed Tier-1 editorial coverage on Cointelegraph & Yahoo Finance."
"Polygon Perp Protocol 15","Web3 Derivatives Exchange","https://perp-polygon-v15.org","Ecosystem & Marketing","contact@perp-polygon-v15.org","Web3 Launchpad Package ($1,400 - $4,500)","Fast-tracking Polygon Perp Protocol 15's onchain leverage trading volume & low fees with guaranteed Tier-1 editorial coverage on Cointelegraph & Yahoo Finance."
"Base Swap Protocol 16","Web3 DEX & AMM","https://swap-base-v16.org","Ecosystem & Marketing","contact@swap-base-v16.org","Web3 Launchpad Package ($1,400 - $4,500)","Fast-tracking Base Swap Protocol 16's token liquidity & trading volume milestones with guaranteed Tier-1 editorial coverage on Cointelegraph & Yahoo Finance."
"Sui Pay Protocol 17","Web3 Web3 Payments","https://pay-sui-v17.org","Ecosystem & Marketing","contact@pay-sui-v17.org","Web3 Launchpad Package ($1,400 - $4,500)","Fast-tracking Sui Pay Protocol 17's merchant crypto gateway adoption & fiat off-ramps with guaranteed Tier-1 editorial coverage on Cointelegraph & Yahoo Finance."
"BNB Chain Yield Protocol 18","Web3 Yield Aggregator","https://yield-bnbchain-v18.org","Ecosystem & Marketing","contact@yield-bnbchain-v18.org","Web3 Launchpad Package ($1,400 - $4,500)","Fast-tracking BNB Chain Yield Protocol 18's automated vault strategies & APY optimization with guaranteed Tier-1 editorial coverage on Cointelegraph & Yahoo Finance."
"Arbitrum Oracle Protocol 19","Web3 Data Infrastructure","https://oracle-arbitrum-v19.org","Ecosystem & Marketing","contact@oracle-arbitrum-v19.org","Web3 Launchpad Package ($1,400 - $4,500)","Fast-tracking Arbitrum Oracle Protocol 19's sub-second price feed security & TVL secured with guaranteed Tier-1 editorial coverage on Cointelegraph & Yahoo Finance."
"Ethereum Vault Protocol 20","Web3 Asset Management","https://vault-ethereum-v20.org","Ecosystem & Marketing","contact@vault-ethereum-v20.org","Web3 Launchpad Package ($1,400 - $4,500)","Fast-tracking Ethereum Vault Protocol 20's institutional treasury management & risk vaults with guaranteed Tier-1 editorial coverage on Cointelegraph & Yahoo Finance."
"Optimism Lend Protocol 21","Web3 Lending & Borrowing","https://lend-optimism-v21.org","Ecosystem & Marketing","contact@lend-optimism-v21.org","Web3 Launchpad Package ($1,400 - $4,500)","Fast-tracking Optimism Lend Protocol 21's collateral TVL & zero-liquidation yield markets with guaranteed Tier-1 editorial coverage on Cointelegraph & Yahoo Finance."
"Avalanche Launch Protocol 22","Web3 Token Launchpad","https://launch-avalanche-v22.org","Ecosystem & Marketing","contact@launch-avalanche-v22.org","Web3 Launchpad Package ($1,400 - $4,500)","Fast-tracking Avalanche Launch Protocol 22's fair-launch IDO mechanics & presale oversubscriptions with guaranteed Tier-1 editorial coverage on Cointelegraph & Yahoo Finance."
"Solana Perp Protocol 23","Web3 Derivatives Exchange","https://perp-solana-v23.org","Ecosystem & Marketing","contact@perp-solana-v23.org","Web3 Launchpad Package ($1,400 - $4,500)","Fast-tracking Solana Perp Protocol 23's onchain leverage trading volume & low fees with guaranteed Tier-1 editorial coverage on Cointelegraph & Yahoo Finance."
"TON Swap Protocol 24","Web3 DEX & AMM","https://swap-ton-v24.org","Ecosystem & Marketing","contact@swap-ton-v24.org","Web3 Launchpad Package ($1,400 - $4,500)","Fast-tracking TON Swap Protocol 24's token liquidity & trading volume milestones with guaranteed Tier-1 editorial coverage on Cointelegraph & Yahoo Finance."
"Polygon Pay Protocol 25","Web3 Web3 Payments","https://pay-polygon-v25.org","Ecosystem & Marketing","contact@pay-polygon-v25.org","Web3 Launchpad Package ($1,400 - $4,500)","Fast-tracking Polygon Pay Protocol 25's merchant crypto gateway adoption & fiat off-ramps with guaranteed Tier-1 editorial coverage on Cointelegraph & Yahoo Finance."
"Base Yield Protocol 26","Web3 Yield Aggregator","https://yield-base-v26.org","Ecosystem & Marketing","contact@yield-base-v26.org","Web3 Launchpad Package ($1,400 - $4,500)","Fast-tracking Base Yield Protocol 26's automated vault strategies & APY optimization with guaranteed Tier-1 editorial coverage on Cointelegraph & Yahoo Finance."
"Sui Oracle Protocol 27","Web3 Data Infrastructure","https://oracle-sui-v27.org","Ecosystem & Marketing","contact@oracle-sui-v27.org","Web3 Launchpad Package ($1,400 - $4,500)","Fast-tracking Sui Oracle Protocol 27's sub-second price feed security & TVL secured with guaranteed Tier-1 editorial coverage on Cointelegraph & Yahoo Finance."
"BNB Chain Vault Protocol 28","Web3 Asset Management","https://vault-bnbchain-v28.org","Ecosystem & Marketing","contact@vault-bnbchain-v28.org","Web3 Launchpad Package ($1,400 - $4,500)","Fast-tracking BNB Chain Vault Protocol 28's institutional treasury management & risk vaults with guaranteed Tier-1 editorial coverage on Cointelegraph & Yahoo Finance."
"Arbitrum Lend Protocol 29","Web3 Lending & Borrowing","https://lend-arbitrum-v29.org","Ecosystem & Marketing","contact@lend-arbitrum-v29.org","Web3 Launchpad Package ($1,400 - $4,500)","Fast-tracking Arbitrum Lend Protocol 29's collateral TVL & zero-liquidation yield markets with guaranteed Tier-1 editorial coverage on Cointelegraph & Yahoo Finance."
"Ethereum Launch Protocol 30","Web3 Token Launchpad","https://launch-ethereum-v30.org","Ecosystem & Marketing","contact@launch-ethereum-v30.org","Web3 Launchpad Package ($1,400 - $4,500)","Fast-tracking Ethereum Launch Protocol 30's fair-launch IDO mechanics & presale oversubscriptions with guaranteed Tier-1 editorial coverage on Cointelegraph & Yahoo Finance."
"Optimism Perp Protocol 31","Web3 Derivatives Exchange","https://perp-optimism-v31.org","Ecosystem & Marketing","contact@perp-optimism-v31.org","Web3 Launchpad Package ($1,400 - $4,500)","Fast-tracking Optimism Perp Protocol 31's onchain leverage trading volume & low fees with guaranteed Tier-1 editorial coverage on Cointelegraph & Yahoo Finance."
"Avalanche Swap Protocol 32","Web3 DEX & AMM","https://swap-avalanche-v32.org","Ecosystem & Marketing","contact@swap-avalanche-v32.org","Web3 Launchpad Package ($1,400 - $4,500)","Fast-tracking Avalanche Swap Protocol 32's token liquidity & trading volume milestones with guaranteed Tier-1 editorial coverage on Cointelegraph & Yahoo Finance."
"Solana Pay Protocol 33","Web3 Web3 Payments","https://pay-solana-v33.org","Ecosystem & Marketing","contact@pay-solana-v33.org","Web3 Launchpad Package ($1,400 - $4,500)","Fast-tracking Solana Pay Protocol 33's merchant crypto gateway adoption & fiat off-ramps with guaranteed Tier-1 editorial coverage on Cointelegraph & Yahoo Finance."
"TON Yield Protocol 34","Web3 Yield Aggregator","https://yield-ton-v34.org","Ecosystem & Marketing","contact@yield-ton-v34.org","Web3 Launchpad Package ($1,400 - $4,500)","Fast-tracking TON Yield Protocol 34's automated vault strategies & APY optimization with guaranteed Tier-1 editorial coverage on Cointelegraph & Yahoo Finance."
"Polygon Oracle Protocol 35","Web3 Data Infrastructure","https://oracle-polygon-v35.org","Ecosystem & Marketing","contact@oracle-polygon-v35.org","Web3 Launchpad Package ($1,400 - $4,500)","Fast-tracking Polygon Oracle Protocol 35's sub-second price feed security & TVL secured with guaranteed Tier-1 editorial coverage on Cointelegraph & Yahoo Finance."
"Base Vault Protocol 36","Web3 Asset Management","https://vault-base-v36.org","Ecosystem & Marketing","contact@vault-base-v36.org","Web3 Launchpad Package ($1,400 - $4,500)","Fast-tracking Base Vault Protocol 36's institutional treasury management & risk vaults with guaranteed Tier-1 editorial coverage on Cointelegraph & Yahoo Finance."
"Sui Lend Protocol 37","Web3 Lending & Borrowing","https://lend-sui-v37.org","Ecosystem & Marketing","contact@lend-sui-v37.org","Web3 Launchpad Package ($1,400 - $4,500)","Fast-tracking Sui Lend Protocol 37's collateral TVL & zero-liquidation yield markets with guaranteed Tier-1 editorial coverage on Cointelegraph & Yahoo Finance."
"BNB Chain Launch Protocol 38","Web3 Token Launchpad","https://launch-bnbchain-v38.org","Ecosystem & Marketing","contact@launch-bnbchain-v38.org","Web3 Launchpad Package ($1,400 - $4,500)","Fast-tracking BNB Chain Launch Protocol 38's fair-launch IDO mechanics & presale oversubscriptions with guaranteed Tier-1 editorial coverage on Cointelegraph & Yahoo Finance."
"Arbitrum Perp Protocol 39","Web3 Derivatives Exchange","https://perp-arbitrum-v39.org","Ecosystem & Marketing","contact@perp-arbitrum-v39.org","Web3 Launchpad Package ($1,400 - $4,500)","Fast-tracking Arbitrum Perp Protocol 39's onchain leverage trading volume & low fees with guaranteed Tier-1 editorial coverage on Cointelegraph & Yahoo Finance."
"Ethereum Swap Protocol 40","Web3 DEX & AMM","https://swap-ethereum-v40.org","Ecosystem & Marketing","contact@swap-ethereum-v40.org","Web3 Launchpad Package ($1,400 - $4,500)","Fast-tracking Ethereum Swap Protocol 40's token liquidity & trading volume milestones with guaranteed Tier-1 editorial coverage on Cointelegraph & Yahoo Finance."
"Optimism Pay Protocol 41","Web3 Web3 Payments","https://pay-optimism-v41.org","Ecosystem & Marketing","contact@pay-optimism-v41.org","Web3 Launchpad Package ($1,400 - $4,500)","Fast-tracking Optimism Pay Protocol 41's merchant crypto gateway adoption & fiat off-ramps with guaranteed Tier-1 editorial coverage on Cointelegraph & Yahoo Finance."
"Avalanche Yield Protocol 42","Web3 Yield Aggregator","https://yield-avalanche-v42.org","Ecosystem & Marketing","contact@yield-avalanche-v42.org","Web3 Launchpad Package ($1,400 - $4,500)","Fast-tracking Avalanche Yield Protocol 42's automated vault strategies & APY optimization with guaranteed Tier-1 editorial coverage on Cointelegraph & Yahoo Finance."
"Solana Oracle Protocol 43","Web3 Data Infrastructure","https://oracle-solana-v43.org","Ecosystem & Marketing","contact@oracle-solana-v43.org","Web3 Launchpad Package ($1,400 - $4,500)","Fast-tracking Solana Oracle Protocol 43's sub-second price feed security & TVL secured with guaranteed Tier-1 editorial coverage on Cointelegraph & Yahoo Finance."
"TON Vault Protocol 44","Web3 Asset Management","https://vault-ton-v44.org","Ecosystem & Marketing","contact@vault-ton-v44.org","Web3 Launchpad Package ($1,400 - $4,500)","Fast-tracking TON Vault Protocol 44's institutional treasury management & risk vaults with guaranteed Tier-1 editorial coverage on Cointelegraph & Yahoo Finance."
"Polygon Lend Protocol 45","Web3 Lending & Borrowing","https://lend-polygon-v45.org","Ecosystem & Marketing","contact@lend-polygon-v45.org","Web3 Launchpad Package ($1,400 - $4,500)","Fast-tracking Polygon Lend Protocol 45's collateral TVL & zero-liquidation yield markets with guaranteed Tier-1 editorial coverage on Cointelegraph & Yahoo Finance."
"Base Launch Protocol 46","Web3 Token Launchpad","https://launch-base-v46.org","Ecosystem & Marketing","contact@launch-base-v46.org","Web3 Launchpad Package ($1,400 - $4,500)","Fast-tracking Base Launch Protocol 46's fair-launch IDO mechanics & presale oversubscriptions with guaranteed Tier-1 editorial coverage on Cointelegraph & Yahoo Finance."
"Sui Perp Protocol 47","Web3 Derivatives Exchange","https://perp-sui-v47.org","Ecosystem & Marketing","contact@perp-sui-v47.org","Web3 Launchpad Package ($1,400 - $4,500)","Fast-tracking Sui Perp Protocol 47's onchain leverage trading volume & low fees with guaranteed Tier-1 editorial coverage on Cointelegraph & Yahoo Finance."
"BNB Chain Swap Protocol 48","Web3 DEX & AMM","https://swap-bnbchain-v48.org","Ecosystem & Marketing","contact@swap-bnbchain-v48.org","Web3 Launchpad Package ($1,400 - $4,500)","Fast-tracking BNB Chain Swap Protocol 48's token liquidity & trading volume milestones with guaranteed Tier-1 editorial coverage on Cointelegraph & Yahoo Finance."
"Arbitrum Pay Protocol 49","Web3 Web3 Payments","https://pay-arbitrum-v49.org","Ecosystem & Marketing","contact@pay-arbitrum-v49.org","Web3 Launchpad Package ($1,400 - $4,500)","Fast-tracking Arbitrum Pay Protocol 49's merchant crypto gateway adoption & fiat off-ramps with guaranteed Tier-1 editorial coverage on Cointelegraph & Yahoo Finance."
"Ethereum Yield Protocol 50","Web3 Yield Aggregator","https://yield-ethereum-v50.org","Ecosystem & Marketing","contact@yield-ethereum-v50.org","Web3 Launchpad Package ($1,400 - $4,500)","Fast-tracking Ethereum Yield Protocol 50's automated vault strategies & APY optimization with guaranteed Tier-1 editorial coverage on Cointelegraph & Yahoo Finance."
"Optimism Oracle Protocol 51","Web3 Data Infrastructure","https://oracle-optimism-v51.org","Ecosystem & Marketing","contact@oracle-optimism-v51.org","Web3 Launchpad Package ($1,400 - $4,500)","Fast-tracking Optimism Oracle Protocol 51's sub-second price feed security & TVL secured with guaranteed Tier-1 editorial coverage on Cointelegraph & Yahoo Finance."
"Avalanche Vault Protocol 52","Web3 Asset Management","https://vault-avalanche-v52.org","Ecosystem & Marketing","contact@vault-avalanche-v52.org","Web3 Launchpad Package ($1,400 - $4,500)","Fast-tracking Avalanche Vault Protocol 52's institutional treasury management & risk vaults with guaranteed Tier-1 editorial coverage on Cointelegraph & Yahoo Finance."
"Solana Lend Protocol 53","Web3 Lending & Borrowing","https://lend-solana-v53.org","Ecosystem & Marketing","contact@lend-solana-v53.org","Web3 Launchpad Package ($1,400 - $4,500)","Fast-tracking Solana Lend Protocol 53's collateral TVL & zero-liquidation yield markets with guaranteed Tier-1 editorial coverage on Cointelegraph & Yahoo Finance."
"TON Launch Protocol 54","Web3 Token Launchpad","https://launch-ton-v54.org","Ecosystem & Marketing","contact@launch-ton-v54.org","Web3 Launchpad Package ($1,400 - $4,500)","Fast-tracking TON Launch Protocol 54's fair-launch IDO mechanics & presale oversubscriptions with guaranteed Tier-1 editorial coverage on Cointelegraph & Yahoo Finance."
"Polygon Perp Protocol 55","Web3 Derivatives Exchange","https://perp-polygon-v55.org","Ecosystem & Marketing","contact@perp-polygon-v55.org","Web3 Launchpad Package ($1,400 - $4,500)","Fast-tracking Polygon Perp Protocol 55's onchain leverage trading volume & low fees with guaranteed Tier-1 editorial coverage on Cointelegraph & Yahoo Finance."
"Base Swap Protocol 56","Web3 DEX & AMM","https://swap-base-v56.org","Ecosystem & Marketing","contact@swap-base-v56.org","Web3 Launchpad Package ($1,400 - $4,500)","Fast-tracking Base Swap Protocol 56's token liquidity & trading volume milestones with guaranteed Tier-1 editorial coverage on Cointelegraph & Yahoo Finance."
"Sui Pay Protocol 57","Web3 Web3 Payments","https://pay-sui-v57.org","Ecosystem & Marketing","contact@pay-sui-v57.org","Web3 Launchpad Package ($1,400 - $4,500)","Fast-tracking Sui Pay Protocol 57's merchant crypto gateway adoption & fiat off-ramps with guaranteed Tier-1 editorial coverage on Cointelegraph & Yahoo Finance."
"BNB Chain Yield Protocol 58","Web3 Yield Aggregator","https://yield-bnbchain-v58.org","Ecosystem & Marketing","contact@yield-bnbchain-v58.org","Web3 Launchpad Package ($1,400 - $4,500)","Fast-tracking BNB Chain Yield Protocol 58's automated vault strategies & APY optimization with guaranteed Tier-1 editorial coverage on Cointelegraph & Yahoo Finance."
"Arbitrum Oracle Protocol 59","Web3 Data Infrastructure","https://oracle-arbitrum-v59.org","Ecosystem & Marketing","contact@oracle-arbitrum-v59.org","Web3 Launchpad Package ($1,400 - $4,500)","Fast-tracking Arbitrum Oracle Protocol 59's sub-second price feed security & TVL secured with guaranteed Tier-1 editorial coverage on Cointelegraph & Yahoo Finance."
"Ethereum Vault Protocol 60","Web3 Asset Management","https://vault-ethereum-v60.org","Ecosystem & Marketing","contact@vault-ethereum-v60.org","Web3 Launchpad Package ($1,400 - $4,500)","Fast-tracking Ethereum Vault Protocol 60's institutional treasury management & risk vaults with guaranteed Tier-1 editorial coverage on Cointelegraph & Yahoo Finance."
"Optimism Lend Protocol 61","Web3 Lending & Borrowing","https://lend-optimism-v61.org","Ecosystem & Marketing","contact@lend-optimism-v61.org","Web3 Launchpad Package ($1,400 - $4,500)","Fast-tracking Optimism Lend Protocol 61's collateral TVL & zero-liquidation yield markets with guaranteed Tier-1 editorial coverage on Cointelegraph & Yahoo Finance."
"Avalanche Launch Protocol 62","Web3 Token Launchpad","https://launch-avalanche-v62.org","Ecosystem & Marketing","contact@launch-avalanche-v62.org","Web3 Launchpad Package ($1,400 - $4,500)","Fast-tracking Avalanche Launch Protocol 62's fair-launch IDO mechanics & presale oversubscriptions with guaranteed Tier-1 editorial coverage on Cointelegraph & Yahoo Finance."
"Solana Perp Protocol 63","Web3 Derivatives Exchange","https://perp-solana-v63.org","Ecosystem & Marketing","contact@perp-solana-v63.org","Web3 Launchpad Package ($1,400 - $4,500)","Fast-tracking Solana Perp Protocol 63's onchain leverage trading volume & low fees with guaranteed Tier-1 editorial coverage on Cointelegraph & Yahoo Finance."
"TON Swap Protocol 64","Web3 DEX & AMM","https://swap-ton-v64.org","Ecosystem & Marketing","contact@swap-ton-v64.org","Web3 Launchpad Package ($1,400 - $4,500)","Fast-tracking TON Swap Protocol 64's token liquidity & trading volume milestones with guaranteed Tier-1 editorial coverage on Cointelegraph & Yahoo Finance."
"Polygon Pay Protocol 65","Web3 Web3 Payments","https://pay-polygon-v65.org","Ecosystem & Marketing","contact@pay-polygon-v65.org","Web3 Launchpad Package ($1,400 - $4,500)","Fast-tracking Polygon Pay Protocol 65's merchant crypto gateway adoption & fiat off-ramps with guaranteed Tier-1 editorial coverage on Cointelegraph & Yahoo Finance."
"Base Yield Protocol 66","Web3 Yield Aggregator","https://yield-base-v66.org","Ecosystem & Marketing","contact@yield-base-v66.org","Web3 Launchpad Package ($1,400 - $4,500)","Fast-tracking Base Yield Protocol 66's automated vault strategies & APY optimization with guaranteed Tier-1 editorial coverage on Cointelegraph & Yahoo Finance."
"Sui Oracle Protocol 67","Web3 Data Infrastructure","https://oracle-sui-v67.org","Ecosystem & Marketing","contact@oracle-sui-v67.org","Web3 Launchpad Package ($1,400 - $4,500)","Fast-tracking Sui Oracle Protocol 67's sub-second price feed security & TVL secured with guaranteed Tier-1 editorial coverage on Cointelegraph & Yahoo Finance."
"BNB Chain Vault Protocol 68","Web3 Asset Management","https://vault-bnbchain-v68.org","Ecosystem & Marketing","contact@vault-bnbchain-v68.org","Web3 Launchpad Package ($1,400 - $4,500)","Fast-tracking BNB Chain Vault Protocol 68's institutional treasury management & risk vaults with guaranteed Tier-1 editorial coverage on Cointelegraph & Yahoo Finance."
"Arbitrum Lend Protocol 69","Web3 Lending & Borrowing","https://lend-arbitrum-v69.org","Ecosystem & Marketing","contact@lend-arbitrum-v69.org","Web3 Launchpad Package ($1,400 - $4,500)","Fast-tracking Arbitrum Lend Protocol 69's collateral TVL & zero-liquidation yield markets with guaranteed Tier-1 editorial coverage on Cointelegraph & Yahoo Finance."
"Ethereum Launch Protocol 70","Web3 Token Launchpad","https://launch-ethereum-v70.org","Ecosystem & Marketing","contact@launch-ethereum-v70.org","Web3 Launchpad Package ($1,400 - $4,500)","Fast-tracking Ethereum Launch Protocol 70's fair-launch IDO mechanics & presale oversubscriptions with guaranteed Tier-1 editorial coverage on Cointelegraph & Yahoo Finance."
"Optimism Perp Protocol 71","Web3 Derivatives Exchange","https://perp-optimism-v71.org","Ecosystem & Marketing","contact@perp-optimism-v71.org","Web3 Launchpad Package ($1,400 - $4,500)","Fast-tracking Optimism Perp Protocol 71's onchain leverage trading volume & low fees with guaranteed Tier-1 editorial coverage on Cointelegraph & Yahoo Finance."
"Avalanche Swap Protocol 72","Web3 DEX & AMM","https://swap-avalanche-v72.org","Ecosystem & Marketing","contact@swap-avalanche-v72.org","Web3 Launchpad Package ($1,400 - $4,500)","Fast-tracking Avalanche Swap Protocol 72's token liquidity & trading volume milestones with guaranteed Tier-1 editorial coverage on Cointelegraph & Yahoo Finance."
"Solana Pay Protocol 73","Web3 Web3 Payments","https://pay-solana-v73.org","Ecosystem & Marketing","contact@pay-solana-v73.org","Web3 Launchpad Package ($1,400 - $4,500)","Fast-tracking Solana Pay Protocol 73's merchant crypto gateway adoption & fiat off-ramps with guaranteed Tier-1 editorial coverage on Cointelegraph & Yahoo Finance."
"TON Yield Protocol 74","Web3 Yield Aggregator","https://yield-ton-v74.org","Ecosystem & Marketing","contact@yield-ton-v74.org","Web3 Launchpad Package ($1,400 - $4,500)","Fast-tracking TON Yield Protocol 74's automated vault strategies & APY optimization with guaranteed Tier-1 editorial coverage on Cointelegraph & Yahoo Finance."
"Polygon Oracle Protocol 75","Web3 Data Infrastructure","https://oracle-polygon-v75.org","Ecosystem & Marketing","contact@oracle-polygon-v75.org","Web3 Launchpad Package ($1,400 - $4,500)","Fast-tracking Polygon Oracle Protocol 75's sub-second price feed security & TVL secured with guaranteed Tier-1 editorial coverage on Cointelegraph & Yahoo Finance."
"Base Vault Protocol 76","Web3 Asset Management","https://vault-base-v76.org","Ecosystem & Marketing","contact@vault-base-v76.org","Web3 Launchpad Package ($1,400 - $4,500)","Fast-tracking Base Vault Protocol 76's institutional treasury management & risk vaults with guaranteed Tier-1 editorial coverage on Cointelegraph & Yahoo Finance."
"Sui Lend Protocol 77","Web3 Lending & Borrowing","https://lend-sui-v77.org","Ecosystem & Marketing","contact@lend-sui-v77.org","Web3 Launchpad Package ($1,400 - $4,500)","Fast-tracking Sui Lend Protocol 77's collateral TVL & zero-liquidation yield markets with guaranteed Tier-1 editorial coverage on Cointelegraph & Yahoo Finance."
"BNB Chain Launch Protocol 78","Web3 Token Launchpad","https://launch-bnbchain-v78.org","Ecosystem & Marketing","contact@launch-bnbchain-v78.org","Web3 Launchpad Package ($1,400 - $4,500)","Fast-tracking BNB Chain Launch Protocol 78's fair-launch IDO mechanics & presale oversubscriptions with guaranteed Tier-1 editorial coverage on Cointelegraph & Yahoo Finance."
"Arbitrum Perp Protocol 79","Web3 Derivatives Exchange","https://perp-arbitrum-v79.org","Ecosystem & Marketing","contact@perp-arbitrum-v79.org","Web3 Launchpad Package ($1,400 - $4,500)","Fast-tracking Arbitrum Perp Protocol 79's onchain leverage trading volume & low fees with guaranteed Tier-1 editorial coverage on Cointelegraph & Yahoo Finance."
"Ethereum Swap Protocol 80","Web3 DEX & AMM","https://swap-ethereum-v80.org","Ecosystem & Marketing","contact@swap-ethereum-v80.org","Web3 Launchpad Package ($1,400 - $4,500)","Fast-tracking Ethereum Swap Protocol 80's token liquidity & trading volume milestones with guaranteed Tier-1 editorial coverage on Cointelegraph & Yahoo Finance."
"Optimism Pay Protocol 81","Web3 Web3 Payments","https://pay-optimism-v81.org","Ecosystem & Marketing","contact@pay-optimism-v81.org","Web3 Launchpad Package ($1,400 - $4,500)","Fast-tracking Optimism Pay Protocol 81's merchant crypto gateway adoption & fiat off-ramps with guaranteed Tier-1 editorial coverage on Cointelegraph & Yahoo Finance."
"Avalanche Yield Protocol 82","Web3 Yield Aggregator","https://yield-avalanche-v82.org","Ecosystem & Marketing","contact@yield-avalanche-v82.org","Web3 Launchpad Package ($1,400 - $4,500)","Fast-tracking Avalanche Yield Protocol 82's automated vault strategies & APY optimization with guaranteed Tier-1 editorial coverage on Cointelegraph & Yahoo Finance."
"Solana Oracle Protocol 83","Web3 Data Infrastructure","https://oracle-solana-v83.org","Ecosystem & Marketing","contact@oracle-solana-v83.org","Web3 Launchpad Package ($1,400 - $4,500)","Fast-tracking Solana Oracle Protocol 83's sub-second price feed security & TVL secured with guaranteed Tier-1 editorial coverage on Cointelegraph & Yahoo Finance."
"TON Vault Protocol 84","Web3 Asset Management","https://vault-ton-v84.org","Ecosystem & Marketing","contact@vault-ton-v84.org","Web3 Launchpad Package ($1,400 - $4,500)","Fast-tracking TON Vault Protocol 84's institutional treasury management & risk vaults with guaranteed Tier-1 editorial coverage on Cointelegraph & Yahoo Finance."
"Polygon Lend Protocol 85","Web3 Lending & Borrowing","https://lend-polygon-v85.org","Ecosystem & Marketing","contact@lend-polygon-v85.org","Web3 Launchpad Package ($1,400 - $4,500)","Fast-tracking Polygon Lend Protocol 85's collateral TVL & zero-liquidation yield markets with guaranteed Tier-1 editorial coverage on Cointelegraph & Yahoo Finance."
"Base Launch Protocol 86","Web3 Token Launchpad","https://launch-base-v86.org","Ecosystem & Marketing","contact@launch-base-v86.org","Web3 Launchpad Package ($1,400 - $4,500)","Fast-tracking Base Launch Protocol 86's fair-launch IDO mechanics & presale oversubscriptions with guaranteed Tier-1 editorial coverage on Cointelegraph & Yahoo Finance."
"Sui Perp Protocol 87","Web3 Derivatives Exchange","https://perp-sui-v87.org","Ecosystem & Marketing","contact@perp-sui-v87.org","Web3 Launchpad Package ($1,400 - $4,500)","Fast-tracking Sui Perp Protocol 87's onchain leverage trading volume & low fees with guaranteed Tier-1 editorial coverage on Cointelegraph & Yahoo Finance."
"BNB Chain Swap Protocol 88","Web3 DEX & AMM","https://swap-bnbchain-v88.org","Ecosystem & Marketing","contact@swap-bnbchain-v88.org","Web3 Launchpad Package ($1,400 - $4,500)","Fast-tracking BNB Chain Swap Protocol 88's token liquidity & trading volume milestones with guaranteed Tier-1 editorial coverage on Cointelegraph & Yahoo Finance."
"Arbitrum Pay Protocol 89","Web3 Web3 Payments","https://pay-arbitrum-v89.org","Ecosystem & Marketing","contact@pay-arbitrum-v89.org","Web3 Launchpad Package ($1,400 - $4,500)","Fast-tracking Arbitrum Pay Protocol 89's merchant crypto gateway adoption & fiat off-ramps with guaranteed Tier-1 editorial coverage on Cointelegraph & Yahoo Finance."
"Ethereum Yield Protocol 90","Web3 Yield Aggregator","https://yield-ethereum-v90.org","Ecosystem & Marketing","contact@yield-ethereum-v90.org","Web3 Launchpad Package ($1,400 - $4,500)","Fast-tracking Ethereum Yield Protocol 90's automated vault strategies & APY optimization with guaranteed Tier-1 editorial coverage on Cointelegraph & Yahoo Finance."
"Optimism Oracle Protocol 91","Web3 Data Infrastructure","https://oracle-optimism-v91.org","Ecosystem & Marketing","contact@oracle-optimism-v91.org","Web3 Launchpad Package ($1,400 - $4,500)","Fast-tracking Optimism Oracle Protocol 91's sub-second price feed security & TVL secured with guaranteed Tier-1 editorial coverage on Cointelegraph & Yahoo Finance."
"Avalanche Vault Protocol 92","Web3 Asset Management","https://vault-avalanche-v92.org","Ecosystem & Marketing","contact@vault-avalanche-v92.org","Web3 Launchpad Package ($1,400 - $4,500)","Fast-tracking Avalanche Vault Protocol 92's institutional treasury management & risk vaults with guaranteed Tier-1 editorial coverage on Cointelegraph & Yahoo Finance."
"Solana Lend Protocol 93","Web3 Lending & Borrowing","https://lend-solana-v93.org","Ecosystem & Marketing","contact@lend-solana-v93.org","Web3 Launchpad Package ($1,400 - $4,500)","Fast-tracking Solana Lend Protocol 93's collateral TVL & zero-liquidation yield markets with guaranteed Tier-1 editorial coverage on Cointelegraph & Yahoo Finance."
"TON Launch Protocol 94","Web3 Token Launchpad","https://launch-ton-v94.org","Ecosystem & Marketing","contact@launch-ton-v94.org","Web3 Launchpad Package ($1,400 - $4,500)","Fast-tracking TON Launch Protocol 94's fair-launch IDO mechanics & presale oversubscriptions with guaranteed Tier-1 editorial coverage on Cointelegraph & Yahoo Finance."
"Polygon Perp Protocol 95","Web3 Derivatives Exchange","https://perp-polygon-v95.org","Ecosystem & Marketing","contact@perp-polygon-v95.org","Web3 Launchpad Package ($1,400 - $4,500)","Fast-tracking Polygon Perp Protocol 95's onchain leverage trading volume & low fees with guaranteed Tier-1 editorial coverage on Cointelegraph & Yahoo Finance."
"Base Swap Protocol 96","Web3 DEX & AMM","https://swap-base-v96.org","Ecosystem & Marketing","contact@swap-base-v96.org","Web3 Launchpad Package ($1,400 - $4,500)","Fast-tracking Base Swap Protocol 96's token liquidity & trading volume milestones with guaranteed Tier-1 editorial coverage on Cointelegraph & Yahoo Finance."
"Sui Pay Protocol 97","Web3 Web3 Payments","https://pay-sui-v97.org","Ecosystem & Marketing","contact@pay-sui-v97.org","Web3 Launchpad Package ($1,400 - $4,500)","Fast-tracking Sui Pay Protocol 97's merchant crypto gateway adoption & fiat off-ramps with guaranteed Tier-1 editorial coverage on Cointelegraph & Yahoo Finance."
"BNB Chain Yield Protocol 98","Web3 Yield Aggregator","https://yield-bnbchain-v98.org","Ecosystem & Marketing","contact@yield-bnbchain-v98.org","Web3 Launchpad Package ($1,400 - $4,500)","Fast-tracking BNB Chain Yield Protocol 98's automated vault strategies & APY optimization with guaranteed Tier-1 editorial coverage on Cointelegraph & Yahoo Finance."
"Arbitrum Oracle Protocol 99","Web3 Data Infrastructure","https://oracle-arbitrum-v99.org","Ecosystem & Marketing","contact@oracle-arbitrum-v99.org","Web3 Launchpad Package ($1,400 - $4,500)","Fast-tracking Arbitrum Oracle Protocol 99's sub-second price feed security & TVL secured with guaranteed Tier-1 editorial coverage on Cointelegraph & Yahoo Finance."
"Ethereum Vault Protocol 100","Web3 Asset Management","https://vault-ethereum-v100.org","Ecosystem & Marketing","contact@vault-ethereum-v100.org","Web3 Launchpad Package ($1,400 - $4,500)","Fast-tracking Ethereum Vault Protocol 100's institutional treasury management & risk vaults with guaranteed Tier-1 editorial coverage on Cointelegraph & Yahoo Finance."
"Optimism Lend Protocol 101","Web3 Lending & Borrowing","https://lend-optimism-v101.org","Ecosystem & Marketing","contact@lend-optimism-v101.org","Web3 Launchpad Package ($1,400 - $4,500)","Fast-tracking Optimism Lend Protocol 101's collateral TVL & zero-liquidation yield markets with guaranteed Tier-1 editorial coverage on Cointelegraph & Yahoo Finance."
"Avalanche Launch Protocol 102","Web3 Token Launchpad","https://launch-avalanche-v102.org","Ecosystem & Marketing","contact@launch-avalanche-v102.org","Web3 Launchpad Package ($1,400 - $4,500)","Fast-tracking Avalanche Launch Protocol 102's fair-launch IDO mechanics & presale oversubscriptions with guaranteed Tier-1 editorial coverage on Cointelegraph & Yahoo Finance."
"Solana Perp Protocol 103","Web3 Derivatives Exchange","https://perp-solana-v103.org","Ecosystem & Marketing","contact@perp-solana-v103.org","Web3 Launchpad Package ($1,400 - $4,500)","Fast-tracking Solana Perp Protocol 103's onchain leverage trading volume & low fees with guaranteed Tier-1 editorial coverage on Cointelegraph & Yahoo Finance."
"TON Swap Protocol 104","Web3 DEX & AMM","https://swap-ton-v104.org","Ecosystem & Marketing","contact@swap-ton-v104.org","Web3 Launchpad Package ($1,400 - $4,500)","Fast-tracking TON Swap Protocol 104's token liquidity & trading volume milestones with guaranteed Tier-1 editorial coverage on Cointelegraph & Yahoo Finance."
"Polygon Pay Protocol 105","Web3 Web3 Payments","https://pay-polygon-v105.org","Ecosystem & Marketing","contact@pay-polygon-v105.org","Web3 Launchpad Package ($1,400 - $4,500)","Fast-tracking Polygon Pay Protocol 105's merchant crypto gateway adoption & fiat off-ramps with guaranteed Tier-1 editorial coverage on Cointelegraph & Yahoo Finance."
"Base Yield Protocol 106","Web3 Yield Aggregator","https://yield-base-v106.org","Ecosystem & Marketing","contact@yield-base-v106.org","Web3 Launchpad Package ($1,400 - $4,500)","Fast-tracking Base Yield Protocol 106's automated vault strategies & APY optimization with guaranteed Tier-1 editorial coverage on Cointelegraph & Yahoo Finance."
"Sui Oracle Protocol 107","Web3 Data Infrastructure","https://oracle-sui-v107.org","Ecosystem & Marketing","contact@oracle-sui-v107.org","Web3 Launchpad Package ($1,400 - $4,500)","Fast-tracking Sui Oracle Protocol 107's sub-second price feed security & TVL secured with guaranteed Tier-1 editorial coverage on Cointelegraph & Yahoo Finance."
"BNB Chain Vault Protocol 108","Web3 Asset Management","https://vault-bnbchain-v108.org","Ecosystem & Marketing","contact@vault-bnbchain-v108.org","Web3 Launchpad Package ($1,400 - $4,500)","Fast-tracking BNB Chain Vault Protocol 108's institutional treasury management & risk vaults with guaranteed Tier-1 editorial coverage on Cointelegraph & Yahoo Finance."
"Arbitrum Lend Protocol 109","Web3 Lending & Borrowing","https://lend-arbitrum-v109.org","Ecosystem & Marketing","contact@lend-arbitrum-v109.org","Web3 Launchpad Package ($1,400 - $4,500)","Fast-tracking Arbitrum Lend Protocol 109's collateral TVL & zero-liquidation yield markets with guaranteed Tier-1 editorial coverage on Cointelegraph & Yahoo Finance."
"Ethereum Launch Protocol 110","Web3 Token Launchpad","https://launch-ethereum-v110.org","Ecosystem & Marketing","contact@launch-ethereum-v110.org","Web3 Launchpad Package ($1,400 - $4,500)","Fast-tracking Ethereum Launch Protocol 110's fair-launch IDO mechanics & presale oversubscriptions with guaranteed Tier-1 editorial coverage on Cointelegraph & Yahoo Finance."
"Optimism Perp Protocol 111","Web3 Derivatives Exchange","https://perp-optimism-v111.org","Ecosystem & Marketing","contact@perp-optimism-v111.org","Web3 Launchpad Package ($1,400 - $4,500)","Fast-tracking Optimism Perp Protocol 111's onchain leverage trading volume & low fees with guaranteed Tier-1 editorial coverage on Cointelegraph & Yahoo Finance."
"Avalanche Swap Protocol 112","Web3 DEX & AMM","https://swap-avalanche-v112.org","Ecosystem & Marketing","contact@swap-avalanche-v112.org","Web3 Launchpad Package ($1,400 - $4,500)","Fast-tracking Avalanche Swap Protocol 112's token liquidity & trading volume milestones with guaranteed Tier-1 editorial coverage on Cointelegraph & Yahoo Finance."
"Solana Pay Protocol 113","Web3 Web3 Payments","https://pay-solana-v113.org","Ecosystem & Marketing","contact@pay-solana-v113.org","Web3 Launchpad Package ($1,400 - $4,500)","Fast-tracking Solana Pay Protocol 113's merchant crypto gateway adoption & fiat off-ramps with guaranteed Tier-1 editorial coverage on Cointelegraph & Yahoo Finance."
"TON Yield Protocol 114","Web3 Yield Aggregator","https://yield-ton-v114.org","Ecosystem & Marketing","contact@yield-ton-v114.org","Web3 Launchpad Package ($1,400 - $4,500)","Fast-tracking TON Yield Protocol 114's automated vault strategies & APY optimization with guaranteed Tier-1 editorial coverage on Cointelegraph & Yahoo Finance."
"Polygon Oracle Protocol 115","Web3 Data Infrastructure","https://oracle-polygon-v115.org","Ecosystem & Marketing","contact@oracle-polygon-v115.org","Web3 Launchpad Package ($1,400 - $4,500)","Fast-tracking Polygon Oracle Protocol 115's sub-second price feed security & TVL secured with guaranteed Tier-1 editorial coverage on Cointelegraph & Yahoo Finance."
"Base Vault Protocol 116","Web3 Asset Management","https://vault-base-v116.org","Ecosystem & Marketing","contact@vault-base-v116.org","Web3 Launchpad Package ($1,400 - $4,500)","Fast-tracking Base Vault Protocol 116's institutional treasury management & risk vaults with guaranteed Tier-1 editorial coverage on Cointelegraph & Yahoo Finance."
"Sui Lend Protocol 117","Web3 Lending & Borrowing","https://lend-sui-v117.org","Ecosystem & Marketing","contact@lend-sui-v117.org","Web3 Launchpad Package ($1,400 - $4,500)","Fast-tracking Sui Lend Protocol 117's collateral TVL & zero-liquidation yield markets with guaranteed Tier-1 editorial coverage on Cointelegraph & Yahoo Finance."
"BNB Chain Launch Protocol 118","Web3 Token Launchpad","https://launch-bnbchain-v118.org","Ecosystem & Marketing","contact@launch-bnbchain-v118.org","Web3 Launchpad Package ($1,400 - $4,500)","Fast-tracking BNB Chain Launch Protocol 118's fair-launch IDO mechanics & presale oversubscriptions with guaranteed Tier-1 editorial coverage on Cointelegraph & Yahoo Finance."
"Arbitrum Perp Protocol 119","Web3 Derivatives Exchange","https://perp-arbitrum-v119.org","Ecosystem & Marketing","contact@perp-arbitrum-v119.org","Web3 Launchpad Package ($1,400 - $4,500)","Fast-tracking Arbitrum Perp Protocol 119's onchain leverage trading volume & low fees with guaranteed Tier-1 editorial coverage on Cointelegraph & Yahoo Finance."
"Ethereum Swap Protocol 120","Web3 DEX & AMM","https://swap-ethereum-v120.org","Ecosystem & Marketing","contact@swap-ethereum-v120.org","Web3 Launchpad Package ($1,400 - $4,500)","Fast-tracking Ethereum Swap Protocol 120's token liquidity & trading volume milestones with guaranteed Tier-1 editorial coverage on Cointelegraph & Yahoo Finance."
"Optimism Pay Protocol 121","Web3 Web3 Payments","https://pay-optimism-v121.org","Ecosystem & Marketing","contact@pay-optimism-v121.org","Web3 Launchpad Package ($1,400 - $4,500)","Fast-tracking Optimism Pay Protocol 121's merchant crypto gateway adoption & fiat off-ramps with guaranteed Tier-1 editorial coverage on Cointelegraph & Yahoo Finance."
"Avalanche Yield Protocol 122","Web3 Yield Aggregator","https://yield-avalanche-v122.org","Ecosystem & Marketing","contact@yield-avalanche-v122.org","Web3 Launchpad Package ($1,400 - $4,500)","Fast-tracking Avalanche Yield Protocol 122's automated vault strategies & APY optimization with guaranteed Tier-1 editorial coverage on Cointelegraph & Yahoo Finance."
"Solana Oracle Protocol 123","Web3 Data Infrastructure","https://oracle-solana-v123.org","Ecosystem & Marketing","contact@oracle-solana-v123.org","Web3 Launchpad Package ($1,400 - $4,500)","Fast-tracking Solana Oracle Protocol 123's sub-second price feed security & TVL secured with guaranteed Tier-1 editorial coverage on Cointelegraph & Yahoo Finance."
"TON Vault Protocol 124","Web3 Asset Management","https://vault-ton-v124.org","Ecosystem & Marketing","contact@vault-ton-v124.org","Web3 Launchpad Package ($1,400 - $4,500)","Fast-tracking TON Vault Protocol 124's institutional treasury management & risk vaults with guaranteed Tier-1 editorial coverage on Cointelegraph & Yahoo Finance."
"Polygon Lend Protocol 125","Web3 Lending & Borrowing","https://lend-polygon-v125.org","Ecosystem & Marketing","contact@lend-polygon-v125.org","Web3 Launchpad Package ($1,400 - $4,500)","Fast-tracking Polygon Lend Protocol 125's collateral TVL & zero-liquidation yield markets with guaranteed Tier-1 editorial coverage on Cointelegraph & Yahoo Finance."
"Base Launch Protocol 126","Web3 Token Launchpad","https://launch-base-v126.org","Ecosystem & Marketing","contact@launch-base-v126.org","Web3 Launchpad Package ($1,400 - $4,500)","Fast-tracking Base Launch Protocol 126's fair-launch IDO mechanics & presale oversubscriptions with guaranteed Tier-1 editorial coverage on Cointelegraph & Yahoo Finance."
"Sui Perp Protocol 127","Web3 Derivatives Exchange","https://perp-sui-v127.org","Ecosystem & Marketing","contact@perp-sui-v127.org","Web3 Launchpad Package ($1,400 - $4,500)","Fast-tracking Sui Perp Protocol 127's onchain leverage trading volume & low fees with guaranteed Tier-1 editorial coverage on Cointelegraph & Yahoo Finance."
"BNB Chain Swap Protocol 128","Web3 DEX & AMM","https://swap-bnbchain-v128.org","Ecosystem & Marketing","contact@swap-bnbchain-v128.org","Web3 Launchpad Package ($1,400 - $4,500)","Fast-tracking BNB Chain Swap Protocol 128's token liquidity & trading volume milestones with guaranteed Tier-1 editorial coverage on Cointelegraph & Yahoo Finance."
"Arbitrum Pay Protocol 129","Web3 Web3 Payments","https://pay-arbitrum-v129.org","Ecosystem & Marketing","contact@pay-arbitrum-v129.org","Web3 Launchpad Package ($1,400 - $4,500)","Fast-tracking Arbitrum Pay Protocol 129's merchant crypto gateway adoption & fiat off-ramps with guaranteed Tier-1 editorial coverage on Cointelegraph & Yahoo Finance."
"Ethereum Yield Protocol 130","Web3 Yield Aggregator","https://yield-ethereum-v130.org","Ecosystem & Marketing","contact@yield-ethereum-v130.org","Web3 Launchpad Package ($1,400 - $4,500)","Fast-tracking Ethereum Yield Protocol 130's automated vault strategies & APY optimization with guaranteed Tier-1 editorial coverage on Cointelegraph & Yahoo Finance."
"Optimism Oracle Protocol 131","Web3 Data Infrastructure","https://oracle-optimism-v131.org","Ecosystem & Marketing","contact@oracle-optimism-v131.org","Web3 Launchpad Package ($1,400 - $4,500)","Fast-tracking Optimism Oracle Protocol 131's sub-second price feed security & TVL secured with guaranteed Tier-1 editorial coverage on Cointelegraph & Yahoo Finance."
"Avalanche Vault Protocol 132","Web3 Asset Management","https://vault-avalanche-v132.org","Ecosystem & Marketing","contact@vault-avalanche-v132.org","Web3 Launchpad Package ($1,400 - $4,500)","Fast-tracking Avalanche Vault Protocol 132's institutional treasury management & risk vaults with guaranteed Tier-1 editorial coverage on Cointelegraph & Yahoo Finance."
"Solana Lend Protocol 133","Web3 Lending & Borrowing","https://lend-solana-v133.org","Ecosystem & Marketing","contact@lend-solana-v133.org","Web3 Launchpad Package ($1,400 - $4,500)","Fast-tracking Solana Lend Protocol 133's collateral TVL & zero-liquidation yield markets with guaranteed Tier-1 editorial coverage on Cointelegraph & Yahoo Finance."
"TON Launch Protocol 134","Web3 Token Launchpad","https://launch-ton-v134.org","Ecosystem & Marketing","contact@launch-ton-v134.org","Web3 Launchpad Package ($1,400 - $4,500)","Fast-tracking TON Launch Protocol 134's fair-launch IDO mechanics & presale oversubscriptions with guaranteed Tier-1 editorial coverage on Cointelegraph & Yahoo Finance."
"Polygon Perp Protocol 135","Web3 Derivatives Exchange","https://perp-polygon-v135.org","Ecosystem & Marketing","contact@perp-polygon-v135.org","Web3 Launchpad Package ($1,400 - $4,500)","Fast-tracking Polygon Perp Protocol 135's onchain leverage trading volume & low fees with guaranteed Tier-1 editorial coverage on Cointelegraph & Yahoo Finance."
"Base Swap Protocol 136","Web3 DEX & AMM","https://swap-base-v136.org","Ecosystem & Marketing","contact@swap-base-v136.org","Web3 Launchpad Package ($1,400 - $4,500)","Fast-tracking Base Swap Protocol 136's token liquidity & trading volume milestones with guaranteed Tier-1 editorial coverage on Cointelegraph & Yahoo Finance."
"Sui Pay Protocol 137","Web3 Web3 Payments","https://pay-sui-v137.org","Ecosystem & Marketing","contact@pay-sui-v137.org","Web3 Launchpad Package ($1,400 - $4,500)","Fast-tracking Sui Pay Protocol 137's merchant crypto gateway adoption & fiat off-ramps with guaranteed Tier-1 editorial coverage on Cointelegraph & Yahoo Finance."
"BNB Chain Yield Protocol 138","Web3 Yield Aggregator","https://yield-bnbchain-v138.org","Ecosystem & Marketing","contact@yield-bnbchain-v138.org","Web3 Launchpad Package ($1,400 - $4,500)","Fast-tracking BNB Chain Yield Protocol 138's automated vault strategies & APY optimization with guaranteed Tier-1 editorial coverage on Cointelegraph & Yahoo Finance."
"Arbitrum Oracle Protocol 139","Web3 Data Infrastructure","https://oracle-arbitrum-v139.org","Ecosystem & Marketing","contact@oracle-arbitrum-v139.org","Web3 Launchpad Package ($1,400 - $4,500)","Fast-tracking Arbitrum Oracle Protocol 139's sub-second price feed security & TVL secured with guaranteed Tier-1 editorial coverage on Cointelegraph & Yahoo Finance."
"Ethereum Vault Protocol 140","Web3 Asset Management","https://vault-ethereum-v140.org","Ecosystem & Marketing","contact@vault-ethereum-v140.org","Web3 Launchpad Package ($1,400 - $4,500)","Fast-tracking Ethereum Vault Protocol 140's institutional treasury management & risk vaults with guaranteed Tier-1 editorial coverage on Cointelegraph & Yahoo Finance."
"Optimism Lend Protocol 141","Web3 Lending & Borrowing","https://lend-optimism-v141.org","Ecosystem & Marketing","contact@lend-optimism-v141.org","Web3 Launchpad Package ($1,400 - $4,500)","Fast-tracking Optimism Lend Protocol 141's collateral TVL & zero-liquidation yield markets with guaranteed Tier-1 editorial coverage on Cointelegraph & Yahoo Finance."
"Avalanche Launch Protocol 142","Web3 Token Launchpad","https://launch-avalanche-v142.org","Ecosystem & Marketing","contact@launch-avalanche-v142.org","Web3 Launchpad Package ($1,400 - $4,500)","Fast-tracking Avalanche Launch Protocol 142's fair-launch IDO mechanics & presale oversubscriptions with guaranteed Tier-1 editorial coverage on Cointelegraph & Yahoo Finance."
"Solana Perp Protocol 143","Web3 Derivatives Exchange","https://perp-solana-v143.org","Ecosystem & Marketing","contact@perp-solana-v143.org","Web3 Launchpad Package ($1,400 - $4,500)","Fast-tracking Solana Perp Protocol 143's onchain leverage trading volume & low fees with guaranteed Tier-1 editorial coverage on Cointelegraph & Yahoo Finance."
"TON Swap Protocol 144","Web3 DEX & AMM","https://swap-ton-v144.org","Ecosystem & Marketing","contact@swap-ton-v144.org","Web3 Launchpad Package ($1,400 - $4,500)","Fast-tracking TON Swap Protocol 144's token liquidity & trading volume milestones with guaranteed Tier-1 editorial coverage on Cointelegraph & Yahoo Finance."
"Polygon Pay Protocol 145","Web3 Web3 Payments","https://pay-polygon-v145.org","Ecosystem & Marketing","contact@pay-polygon-v145.org","Web3 Launchpad Package ($1,400 - $4,500)","Fast-tracking Polygon Pay Protocol 145's merchant crypto gateway adoption & fiat off-ramps with guaranteed Tier-1 editorial coverage on Cointelegraph & Yahoo Finance."
"Base Yield Protocol 146","Web3 Yield Aggregator","https://yield-base-v146.org","Ecosystem & Marketing","contact@yield-base-v146.org","Web3 Launchpad Package ($1,400 - $4,500)","Fast-tracking Base Yield Protocol 146's automated vault strategies & APY optimization with guaranteed Tier-1 editorial coverage on Cointelegraph & Yahoo Finance."
"Sui Oracle Protocol 147","Web3 Data Infrastructure","https://oracle-sui-v147.org","Ecosystem & Marketing","contact@oracle-sui-v147.org","Web3 Launchpad Package ($1,400 - $4,500)","Fast-tracking Sui Oracle Protocol 147's sub-second price feed security & TVL secured with guaranteed Tier-1 editorial coverage on Cointelegraph & Yahoo Finance."
"BNB Chain Vault Protocol 148","Web3 Asset Management","https://vault-bnbchain-v148.org","Ecosystem & Marketing","contact@vault-bnbchain-v148.org","Web3 Launchpad Package ($1,400 - $4,500)","Fast-tracking BNB Chain Vault Protocol 148's institutional treasury management & risk vaults with guaranteed Tier-1 editorial coverage on Cointelegraph & Yahoo Finance."
"Arbitrum Lend Protocol 149","Web3 Lending & Borrowing","https://lend-arbitrum-v149.org","Ecosystem & Marketing","contact@lend-arbitrum-v149.org","Web3 Launchpad Package ($1,400 - $4,500)","Fast-tracking Arbitrum Lend Protocol 149's collateral TVL & zero-liquidation yield markets with guaranteed Tier-1 editorial coverage on Cointelegraph & Yahoo Finance."
"Ethereum Launch Protocol 150","Web3 Token Launchpad","https://launch-ethereum-v150.org","Ecosystem & Marketing","contact@launch-ethereum-v150.org","Web3 Launchpad Package ($1,400 - $4,500)","Fast-tracking Ethereum Launch Protocol 150's fair-launch IDO mechanics & presale oversubscriptions with guaranteed Tier-1 editorial coverage on Cointelegraph & Yahoo Finance."
"Optimism Perp Protocol 151","Web3 Derivatives Exchange","https://perp-optimism-v151.org","Ecosystem & Marketing","contact@perp-optimism-v151.org","Web3 Launchpad Package ($1,400 - $4,500)","Fast-tracking Optimism Perp Protocol 151's onchain leverage trading volume & low fees with guaranteed Tier-1 editorial coverage on Cointelegraph & Yahoo Finance."
"Avalanche Swap Protocol 152","Web3 DEX & AMM","https://swap-avalanche-v152.org","Ecosystem & Marketing","contact@swap-avalanche-v152.org","Web3 Launchpad Package ($1,400 - $4,500)","Fast-tracking Avalanche Swap Protocol 152's token liquidity & trading volume milestones with guaranteed Tier-1 editorial coverage on Cointelegraph & Yahoo Finance."
"Solana Pay Protocol 153","Web3 Web3 Payments","https://pay-solana-v153.org","Ecosystem & Marketing","contact@pay-solana-v153.org","Web3 Launchpad Package ($1,400 - $4,500)","Fast-tracking Solana Pay Protocol 153's merchant crypto gateway adoption & fiat off-ramps with guaranteed Tier-1 editorial coverage on Cointelegraph & Yahoo Finance."
"TON Yield Protocol 154","Web3 Yield Aggregator","https://yield-ton-v154.org","Ecosystem & Marketing","contact@yield-ton-v154.org","Web3 Launchpad Package ($1,400 - $4,500)","Fast-tracking TON Yield Protocol 154's automated vault strategies & APY optimization with guaranteed Tier-1 editorial coverage on Cointelegraph & Yahoo Finance."
"Polygon Oracle Protocol 155","Web3 Data Infrastructure","https://oracle-polygon-v155.org","Ecosystem & Marketing","contact@oracle-polygon-v155.org","Web3 Launchpad Package ($1,400 - $4,500)","Fast-tracking Polygon Oracle Protocol 155's sub-second price feed security & TVL secured with guaranteed Tier-1 editorial coverage on Cointelegraph & Yahoo Finance."
"Base Vault Protocol 156","Web3 Asset Management","https://vault-base-v156.org","Ecosystem & Marketing","contact@vault-base-v156.org","Web3 Launchpad Package ($1,400 - $4,500)","Fast-tracking Base Vault Protocol 156's institutional treasury management & risk vaults with guaranteed Tier-1 editorial coverage on Cointelegraph & Yahoo Finance."
"Sui Lend Protocol 157","Web3 Lending & Borrowing","https://lend-sui-v157.org","Ecosystem & Marketing","contact@lend-sui-v157.org","Web3 Launchpad Package ($1,400 - $4,500)","Fast-tracking Sui Lend Protocol 157's collateral TVL & zero-liquidation yield markets with guaranteed Tier-1 editorial coverage on Cointelegraph & Yahoo Finance."
"BNB Chain Launch Protocol 158","Web3 Token Launchpad","https://launch-bnbchain-v158.org","Ecosystem & Marketing","contact@launch-bnbchain-v158.org","Web3 Launchpad Package ($1,400 - $4,500)","Fast-tracking BNB Chain Launch Protocol 158's fair-launch IDO mechanics & presale oversubscriptions with guaranteed Tier-1 editorial coverage on Cointelegraph & Yahoo Finance."
"Arbitrum Perp Protocol 159","Web3 Derivatives Exchange","https://perp-arbitrum-v159.org","Ecosystem & Marketing","contact@perp-arbitrum-v159.org","Web3 Launchpad Package ($1,400 - $4,500)","Fast-tracking Arbitrum Perp Protocol 159's onchain leverage trading volume & low fees with guaranteed Tier-1 editorial coverage on Cointelegraph & Yahoo Finance."
"Ethereum Swap Protocol 160","Web3 DEX & AMM","https://swap-ethereum-v160.org","Ecosystem & Marketing","contact@swap-ethereum-v160.org","Web3 Launchpad Package ($1,400 - $4,500)","Fast-tracking Ethereum Swap Protocol 160's token liquidity & trading volume milestones with guaranteed Tier-1 editorial coverage on Cointelegraph & Yahoo Finance."
"Optimism Pay Protocol 161","Web3 Web3 Payments","https://pay-optimism-v161.org","Ecosystem & Marketing","contact@pay-optimism-v161.org","Web3 Launchpad Package ($1,400 - $4,500)","Fast-tracking Optimism Pay Protocol 161's merchant crypto gateway adoption & fiat off-ramps with guaranteed Tier-1 editorial coverage on Cointelegraph & Yahoo Finance."
"Avalanche Yield Protocol 162","Web3 Yield Aggregator","https://yield-avalanche-v162.org","Ecosystem & Marketing","contact@yield-avalanche-v162.org","Web3 Launchpad Package ($1,400 - $4,500)","Fast-tracking Avalanche Yield Protocol 162's automated vault strategies & APY optimization with guaranteed Tier-1 editorial coverage on Cointelegraph & Yahoo Finance."
"Solana Oracle Protocol 163","Web3 Data Infrastructure","https://oracle-solana-v163.org","Ecosystem & Marketing","contact@oracle-solana-v163.org","Web3 Launchpad Package ($1,400 - $4,500)","Fast-tracking Solana Oracle Protocol 163's sub-second price feed security & TVL secured with guaranteed Tier-1 editorial coverage on Cointelegraph & Yahoo Finance."
"TON Vault Protocol 164","Web3 Asset Management","https://vault-ton-v164.org","Ecosystem & Marketing","contact@vault-ton-v164.org","Web3 Launchpad Package ($1,400 - $4,500)","Fast-tracking TON Vault Protocol 164's institutional treasury management & risk vaults with guaranteed Tier-1 editorial coverage on Cointelegraph & Yahoo Finance."
"Polygon Lend Protocol 165","Web3 Lending & Borrowing","https://lend-polygon-v165.org","Ecosystem & Marketing","contact@lend-polygon-v165.org","Web3 Launchpad Package ($1,400 - $4,500)","Fast-tracking Polygon Lend Protocol 165's collateral TVL & zero-liquidation yield markets with guaranteed Tier-1 editorial coverage on Cointelegraph & Yahoo Finance."
"Base Launch Protocol 166","Web3 Token Launchpad","https://launch-base-v166.org","Ecosystem & Marketing","contact@launch-base-v166.org","Web3 Launchpad Package ($1,400 - $4,500)","Fast-tracking Base Launch Protocol 166's fair-launch IDO mechanics & presale oversubscriptions with guaranteed Tier-1 editorial coverage on Cointelegraph & Yahoo Finance."
"Sui Perp Protocol 167","Web3 Derivatives Exchange","https://perp-sui-v167.org","Ecosystem & Marketing","contact@perp-sui-v167.org","Web3 Launchpad Package ($1,400 - $4,500)","Fast-tracking Sui Perp Protocol 167's onchain leverage trading volume & low fees with guaranteed Tier-1 editorial coverage on Cointelegraph & Yahoo Finance."
"BNB Chain Swap Protocol 168","Web3 DEX & AMM","https://swap-bnbchain-v168.org","Ecosystem & Marketing","contact@swap-bnbchain-v168.org","Web3 Launchpad Package ($1,400 - $4,500)","Fast-tracking BNB Chain Swap Protocol 168's token liquidity & trading volume milestones with guaranteed Tier-1 editorial coverage on Cointelegraph & Yahoo Finance."
"Arbitrum Pay Protocol 169","Web3 Web3 Payments","https://pay-arbitrum-v169.org","Ecosystem & Marketing","contact@pay-arbitrum-v169.org","Web3 Launchpad Package ($1,400 - $4,500)","Fast-tracking Arbitrum Pay Protocol 169's merchant crypto gateway adoption & fiat off-ramps with guaranteed Tier-1 editorial coverage on Cointelegraph & Yahoo Finance."
"Ethereum Yield Protocol 170","Web3 Yield Aggregator","https://yield-ethereum-v170.org","Ecosystem & Marketing","contact@yield-ethereum-v170.org","Web3 Launchpad Package ($1,400 - $4,500)","Fast-tracking Ethereum Yield Protocol 170's automated vault strategies & APY optimization with guaranteed Tier-1 editorial coverage on Cointelegraph & Yahoo Finance."
"Optimism Oracle Protocol 171","Web3 Data Infrastructure","https://oracle-optimism-v171.org","Ecosystem & Marketing","contact@oracle-optimism-v171.org","Web3 Launchpad Package ($1,400 - $4,500)","Fast-tracking Optimism Oracle Protocol 171's sub-second price feed security & TVL secured with guaranteed Tier-1 editorial coverage on Cointelegraph & Yahoo Finance."
"Avalanche Vault Protocol 172","Web3 Asset Management","https://vault-avalanche-v172.org","Ecosystem & Marketing","contact@vault-avalanche-v172.org","Web3 Launchpad Package ($1,400 - $4,500)","Fast-tracking Avalanche Vault Protocol 172's institutional treasury management & risk vaults with guaranteed Tier-1 editorial coverage on Cointelegraph & Yahoo Finance."
"Solana Lend Protocol 173","Web3 Lending & Borrowing","https://lend-solana-v173.org","Ecosystem & Marketing","contact@lend-solana-v173.org","Web3 Launchpad Package ($1,400 - $4,500)","Fast-tracking Solana Lend Protocol 173's collateral TVL & zero-liquidation yield markets with guaranteed Tier-1 editorial coverage on Cointelegraph & Yahoo Finance."
"TON Launch Protocol 174","Web3 Token Launchpad","https://launch-ton-v174.org","Ecosystem & Marketing","contact@launch-ton-v174.org","Web3 Launchpad Package ($1,400 - $4,500)","Fast-tracking TON Launch Protocol 174's fair-launch IDO mechanics & presale oversubscriptions with guaranteed Tier-1 editorial coverage on Cointelegraph & Yahoo Finance."
"Polygon Perp Protocol 175","Web3 Derivatives Exchange","https://perp-polygon-v175.org","Ecosystem & Marketing","contact@perp-polygon-v175.org","Web3 Launchpad Package ($1,400 - $4,500)","Fast-tracking Polygon Perp Protocol 175's onchain leverage trading volume & low fees with guaranteed Tier-1 editorial coverage on Cointelegraph & Yahoo Finance."
"Base Swap Protocol 176","Web3 DEX & AMM","https://swap-base-v176.org","Ecosystem & Marketing","contact@swap-base-v176.org","Web3 Launchpad Package ($1,400 - $4,500)","Fast-tracking Base Swap Protocol 176's token liquidity & trading volume milestones with guaranteed Tier-1 editorial coverage on Cointelegraph & Yahoo Finance."
"Sui Pay Protocol 177","Web3 Web3 Payments","https://pay-sui-v177.org","Ecosystem & Marketing","contact@pay-sui-v177.org","Web3 Launchpad Package ($1,400 - $4,500)","Fast-tracking Sui Pay Protocol 177's merchant crypto gateway adoption & fiat off-ramps with guaranteed Tier-1 editorial coverage on Cointelegraph & Yahoo Finance."
"BNB Chain Yield Protocol 178","Web3 Yield Aggregator","https://yield-bnbchain-v178.org","Ecosystem & Marketing","contact@yield-bnbchain-v178.org","Web3 Launchpad Package ($1,400 - $4,500)","Fast-tracking BNB Chain Yield Protocol 178's automated vault strategies & APY optimization with guaranteed Tier-1 editorial coverage on Cointelegraph & Yahoo Finance."
"Arbitrum Oracle Protocol 179","Web3 Data Infrastructure","https://oracle-arbitrum-v179.org","Ecosystem & Marketing","contact@oracle-arbitrum-v179.org","Web3 Launchpad Package ($1,400 - $4,500)","Fast-tracking Arbitrum Oracle Protocol 179's sub-second price feed security & TVL secured with guaranteed Tier-1 editorial coverage on Cointelegraph & Yahoo Finance."
"Ethereum Vault Protocol 180","Web3 Asset Management","https://vault-ethereum-v180.org","Ecosystem & Marketing","contact@vault-ethereum-v180.org","Web3 Launchpad Package ($1,400 - $4,500)","Fast-tracking Ethereum Vault Protocol 180's institutional treasury management & risk vaults with guaranteed Tier-1 editorial coverage on Cointelegraph & Yahoo Finance."
"Optimism Lend Protocol 181","Web3 Lending & Borrowing","https://lend-optimism-v181.org","Ecosystem & Marketing","contact@lend-optimism-v181.org","Web3 Launchpad Package ($1,400 - $4,500)","Fast-tracking Optimism Lend Protocol 181's collateral TVL & zero-liquidation yield markets with guaranteed Tier-1 editorial coverage on Cointelegraph & Yahoo Finance."
"Avalanche Launch Protocol 182","Web3 Token Launchpad","https://launch-avalanche-v182.org","Ecosystem & Marketing","contact@launch-avalanche-v182.org","Web3 Launchpad Package ($1,400 - $4,500)","Fast-tracking Avalanche Launch Protocol 182's fair-launch IDO mechanics & presale oversubscriptions with guaranteed Tier-1 editorial coverage on Cointelegraph & Yahoo Finance."
"Solana Perp Protocol 183","Web3 Derivatives Exchange","https://perp-solana-v183.org","Ecosystem & Marketing","contact@perp-solana-v183.org","Web3 Launchpad Package ($1,400 - $4,500)","Fast-tracking Solana Perp Protocol 183's onchain leverage trading volume & low fees with guaranteed Tier-1 editorial coverage on Cointelegraph & Yahoo Finance."
"TON Swap Protocol 184","Web3 DEX & AMM","https://swap-ton-v184.org","Ecosystem & Marketing","contact@swap-ton-v184.org","Web3 Launchpad Package ($1,400 - $4,500)","Fast-tracking TON Swap Protocol 184's token liquidity & trading volume milestones with guaranteed Tier-1 editorial coverage on Cointelegraph & Yahoo Finance."
"Polygon Pay Protocol 185","Web3 Web3 Payments","https://pay-polygon-v185.org","Ecosystem & Marketing","contact@pay-polygon-v185.org","Web3 Launchpad Package ($1,400 - $4,500)","Fast-tracking Polygon Pay Protocol 185's merchant crypto gateway adoption & fiat off-ramps with guaranteed Tier-1 editorial coverage on Cointelegraph & Yahoo Finance."
"Base Yield Protocol 186","Web3 Yield Aggregator","https://yield-base-v186.org","Ecosystem & Marketing","contact@yield-base-v186.org","Web3 Launchpad Package ($1,400 - $4,500)","Fast-tracking Base Yield Protocol 186's automated vault strategies & APY optimization with guaranteed Tier-1 editorial coverage on Cointelegraph & Yahoo Finance."
"Sui Oracle Protocol 187","Web3 Data Infrastructure","https://oracle-sui-v187.org","Ecosystem & Marketing","contact@oracle-sui-v187.org","Web3 Launchpad Package ($1,400 - $4,500)","Fast-tracking Sui Oracle Protocol 187's sub-second price feed security & TVL secured with guaranteed Tier-1 editorial coverage on Cointelegraph & Yahoo Finance."
"BNB Chain Vault Protocol 188","Web3 Asset Management","https://vault-bnbchain-v188.org","Ecosystem & Marketing","contact@vault-bnbchain-v188.org","Web3 Launchpad Package ($1,400 - $4,500)","Fast-tracking BNB Chain Vault Protocol 188's institutional treasury management & risk vaults with guaranteed Tier-1 editorial coverage on Cointelegraph & Yahoo Finance."
"Arbitrum Lend Protocol 189","Web3 Lending & Borrowing","https://lend-arbitrum-v189.org","Ecosystem & Marketing","contact@lend-arbitrum-v189.org","Web3 Launchpad Package ($1,400 - $4,500)","Fast-tracking Arbitrum Lend Protocol 189's collateral TVL & zero-liquidation yield markets with guaranteed Tier-1 editorial coverage on Cointelegraph & Yahoo Finance."
"Ethereum Launch Protocol 190","Web3 Token Launchpad","https://launch-ethereum-v190.org","Ecosystem & Marketing","contact@launch-ethereum-v190.org","Web3 Launchpad Package ($1,400 - $4,500)","Fast-tracking Ethereum Launch Protocol 190's fair-launch IDO mechanics & presale oversubscriptions with guaranteed Tier-1 editorial coverage on Cointelegraph & Yahoo Finance."
"Optimism Perp Protocol 191","Web3 Derivatives Exchange","https://perp-optimism-v191.org","Ecosystem & Marketing","contact@perp-optimism-v191.org","Web3 Launchpad Package ($1,400 - $4,500)","Fast-tracking Optimism Perp Protocol 191's onchain leverage trading volume & low fees with guaranteed Tier-1 editorial coverage on Cointelegraph & Yahoo Finance."
"Avalanche Swap Protocol 192","Web3 DEX & AMM","https://swap-avalanche-v192.org","Ecosystem & Marketing","contact@swap-avalanche-v192.org","Web3 Launchpad Package ($1,400 - $4,500)","Fast-tracking Avalanche Swap Protocol 192's token liquidity & trading volume milestones with guaranteed Tier-1 editorial coverage on Cointelegraph & Yahoo Finance."
"Solana Pay Protocol 193","Web3 Web3 Payments","https://pay-solana-v193.org","Ecosystem & Marketing","contact@pay-solana-v193.org","Web3 Launchpad Package ($1,400 - $4,500)","Fast-tracking Solana Pay Protocol 193's merchant crypto gateway adoption & fiat off-ramps with guaranteed Tier-1 editorial coverage on Cointelegraph & Yahoo Finance."
"TON Yield Protocol 194","Web3 Yield Aggregator","https://yield-ton-v194.org","Ecosystem & Marketing","contact@yield-ton-v194.org","Web3 Launchpad Package ($1,400 - $4,500)","Fast-tracking TON Yield Protocol 194's automated vault strategies & APY optimization with guaranteed Tier-1 editorial coverage on Cointelegraph & Yahoo Finance."
"Polygon Oracle Protocol 195","Web3 Data Infrastructure","https://oracle-polygon-v195.org","Ecosystem & Marketing","contact@oracle-polygon-v195.org","Web3 Launchpad Package ($1,400 - $4,500)","Fast-tracking Polygon Oracle Protocol 195's sub-second price feed security & TVL secured with guaranteed Tier-1 editorial coverage on Cointelegraph & Yahoo Finance."
"Base Vault Protocol 196","Web3 Asset Management","https://vault-base-v196.org","Ecosystem & Marketing","contact@vault-base-v196.org","Web3 Launchpad Package ($1,400 - $4,500)","Fast-tracking Base Vault Protocol 196's institutional treasury management & risk vaults with guaranteed Tier-1 editorial coverage on Cointelegraph & Yahoo Finance."
"Sui Lend Protocol 197","Web3 Lending & Borrowing","https://lend-sui-v197.org","Ecosystem & Marketing","contact@lend-sui-v197.org","Web3 Launchpad Package ($1,400 - $4,500)","Fast-tracking Sui Lend Protocol 197's collateral TVL & zero-liquidation yield markets with guaranteed Tier-1 editorial coverage on Cointelegraph & Yahoo Finance."
"BNB Chain Launch Protocol 198","Web3 Token Launchpad","https://launch-bnbchain-v198.org","Ecosystem & Marketing","contact@launch-bnbchain-v198.org","Web3 Launchpad Package ($1,400 - $4,500)","Fast-tracking BNB Chain Launch Protocol 198's fair-launch IDO mechanics & presale oversubscriptions with guaranteed Tier-1 editorial coverage on Cointelegraph & Yahoo Finance."
"Arbitrum Perp Protocol 199","Web3 Derivatives Exchange","https://perp-arbitrum-v199.org","Ecosystem & Marketing","contact@perp-arbitrum-v199.org","Web3 Launchpad Package ($1,400 - $4,500)","Fast-tracking Arbitrum Perp Protocol 199's onchain leverage trading volume & low fees with guaranteed Tier-1 editorial coverage on Cointelegraph & Yahoo Finance."
"Ethereum Swap Protocol 200","Web3 DEX & AMM","https://swap-ethereum-v200.org","Ecosystem & Marketing","contact@swap-ethereum-v200.org","Web3 Launchpad Package ($1,400 - $4,500)","Fast-tracking Ethereum Swap Protocol 200's token liquidity & trading volume milestones with guaranteed Tier-1 editorial coverage on Cointelegraph & Yahoo Finance."
"Optimism Pay Protocol 201","Web3 Web3 Payments","https://pay-optimism-v201.org","Ecosystem & Marketing","contact@pay-optimism-v201.org","Web3 Launchpad Package ($1,400 - $4,500)","Fast-tracking Optimism Pay Protocol 201's merchant crypto gateway adoption & fiat off-ramps with guaranteed Tier-1 editorial coverage on Cointelegraph & Yahoo Finance."
"Avalanche Yield Protocol 202","Web3 Yield Aggregator","https://yield-avalanche-v202.org","Ecosystem & Marketing","contact@yield-avalanche-v202.org","Web3 Launchpad Package ($1,400 - $4,500)","Fast-tracking Avalanche Yield Protocol 202's automated vault strategies & APY optimization with guaranteed Tier-1 editorial coverage on Cointelegraph & Yahoo Finance."
"Solana Oracle Protocol 203","Web3 Data Infrastructure","https://oracle-solana-v203.org","Ecosystem & Marketing","contact@oracle-solana-v203.org","Web3 Launchpad Package ($1,400 - $4,500)","Fast-tracking Solana Oracle Protocol 203's sub-second price feed security & TVL secured with guaranteed Tier-1 editorial coverage on Cointelegraph & Yahoo Finance."
"TON Vault Protocol 204","Web3 Asset Management","https://vault-ton-v204.org","Ecosystem & Marketing","contact@vault-ton-v204.org","Web3 Launchpad Package ($1,400 - $4,500)","Fast-tracking TON Vault Protocol 204's institutional treasury management & risk vaults with guaranteed Tier-1 editorial coverage on Cointelegraph & Yahoo Finance."
"Polygon Lend Protocol 205","Web3 Lending & Borrowing","https://lend-polygon-v205.org","Ecosystem & Marketing","contact@lend-polygon-v205.org","Web3 Launchpad Package ($1,400 - $4,500)","Fast-tracking Polygon Lend Protocol 205's collateral TVL & zero-liquidation yield markets with guaranteed Tier-1 editorial coverage on Cointelegraph & Yahoo Finance."
"Base Launch Protocol 206","Web3 Token Launchpad","https://launch-base-v206.org","Ecosystem & Marketing","contact@launch-base-v206.org","Web3 Launchpad Package ($1,400 - $4,500)","Fast-tracking Base Launch Protocol 206's fair-launch IDO mechanics & presale oversubscriptions with guaranteed Tier-1 editorial coverage on Cointelegraph & Yahoo Finance."
"Sui Perp Protocol 207","Web3 Derivatives Exchange","https://perp-sui-v207.org","Ecosystem & Marketing","contact@perp-sui-v207.org","Web3 Launchpad Package ($1,400 - $4,500)","Fast-tracking Sui Perp Protocol 207's onchain leverage trading volume & low fees with guaranteed Tier-1 editorial coverage on Cointelegraph & Yahoo Finance."
"BNB Chain Swap Protocol 208","Web3 DEX & AMM","https://swap-bnbchain-v208.org","Ecosystem & Marketing","contact@swap-bnbchain-v208.org","Web3 Launchpad Package ($1,400 - $4,500)","Fast-tracking BNB Chain Swap Protocol 208's token liquidity & trading volume milestones with guaranteed Tier-1 editorial coverage on Cointelegraph & Yahoo Finance."
"Arbitrum Pay Protocol 209","Web3 Web3 Payments","https://pay-arbitrum-v209.org","Ecosystem & Marketing","contact@pay-arbitrum-v209.org","Web3 Launchpad Package ($1,400 - $4,500)","Fast-tracking Arbitrum Pay Protocol 209's merchant crypto gateway adoption & fiat off-ramps with guaranteed Tier-1 editorial coverage on Cointelegraph & Yahoo Finance."
"Ethereum Yield Protocol 210","Web3 Yield Aggregator","https://yield-ethereum-v210.org","Ecosystem & Marketing","contact@yield-ethereum-v210.org","Web3 Launchpad Package ($1,400 - $4,500)","Fast-tracking Ethereum Yield Protocol 210's automated vault strategies & APY optimization with guaranteed Tier-1 editorial coverage on Cointelegraph & Yahoo Finance."
"Optimism Oracle Protocol 211","Web3 Data Infrastructure","https://oracle-optimism-v211.org","Ecosystem & Marketing","contact@oracle-optimism-v211.org","Web3 Launchpad Package ($1,400 - $4,500)","Fast-tracking Optimism Oracle Protocol 211's sub-second price feed security & TVL secured with guaranteed Tier-1 editorial coverage on Cointelegraph & Yahoo Finance."
"Avalanche Vault Protocol 212","Web3 Asset Management","https://vault-avalanche-v212.org","Ecosystem & Marketing","contact@vault-avalanche-v212.org","Web3 Launchpad Package ($1,400 - $4,500)","Fast-tracking Avalanche Vault Protocol 212's institutional treasury management & risk vaults with guaranteed Tier-1 editorial coverage on Cointelegraph & Yahoo Finance."
"Solana Lend Protocol 213","Web3 Lending & Borrowing","https://lend-solana-v213.org","Ecosystem & Marketing","contact@lend-solana-v213.org","Web3 Launchpad Package ($1,400 - $4,500)","Fast-tracking Solana Lend Protocol 213's collateral TVL & zero-liquidation yield markets with guaranteed Tier-1 editorial coverage on Cointelegraph & Yahoo Finance."
"TON Launch Protocol 214","Web3 Token Launchpad","https://launch-ton-v214.org","Ecosystem & Marketing","contact@launch-ton-v214.org","Web3 Launchpad Package ($1,400 - $4,500)","Fast-tracking TON Launch Protocol 214's fair-launch IDO mechanics & presale oversubscriptions with guaranteed Tier-1 editorial coverage on Cointelegraph & Yahoo Finance."
"Polygon Perp Protocol 215","Web3 Derivatives Exchange","https://perp-polygon-v215.org","Ecosystem & Marketing","contact@perp-polygon-v215.org","Web3 Launchpad Package ($1,400 - $4,500)","Fast-tracking Polygon Perp Protocol 215's onchain leverage trading volume & low fees with guaranteed Tier-1 editorial coverage on Cointelegraph & Yahoo Finance."
"Base Swap Protocol 216","Web3 DEX & AMM","https://swap-base-v216.org","Ecosystem & Marketing","contact@swap-base-v216.org","Web3 Launchpad Package ($1,400 - $4,500)","Fast-tracking Base Swap Protocol 216's token liquidity & trading volume milestones with guaranteed Tier-1 editorial coverage on Cointelegraph & Yahoo Finance."
"Sui Pay Protocol 217","Web3 Web3 Payments","https://pay-sui-v217.org","Ecosystem & Marketing","contact@pay-sui-v217.org","Web3 Launchpad Package ($1,400 - $4,500)","Fast-tracking Sui Pay Protocol 217's merchant crypto gateway adoption & fiat off-ramps with guaranteed Tier-1 editorial coverage on Cointelegraph & Yahoo Finance."
"BNB Chain Yield Protocol 218","Web3 Yield Aggregator","https://yield-bnbchain-v218.org","Ecosystem & Marketing","contact@yield-bnbchain-v218.org","Web3 Launchpad Package ($1,400 - $4,500)","Fast-tracking BNB Chain Yield Protocol 218's automated vault strategies & APY optimization with guaranteed Tier-1 editorial coverage on Cointelegraph & Yahoo Finance."
"Arbitrum Oracle Protocol 219","Web3 Data Infrastructure","https://oracle-arbitrum-v219.org","Ecosystem & Marketing","contact@oracle-arbitrum-v219.org","Web3 Launchpad Package ($1,400 - $4,500)","Fast-tracking Arbitrum Oracle Protocol 219's sub-second price feed security & TVL secured with guaranteed Tier-1 editorial coverage on Cointelegraph & Yahoo Finance."
"Ethereum Vault Protocol 220","Web3 Asset Management","https://vault-ethereum-v220.org","Ecosystem & Marketing","contact@vault-ethereum-v220.org","Web3 Launchpad Package ($1,400 - $4,500)","Fast-tracking Ethereum Vault Protocol 220's institutional treasury management & risk vaults with guaranteed Tier-1 editorial coverage on Cointelegraph & Yahoo Finance."
"Optimism Lend Protocol 221","Web3 Lending & Borrowing","https://lend-optimism-v221.org","Ecosystem & Marketing","contact@lend-optimism-v221.org","Web3 Launchpad Package ($1,400 - $4,500)","Fast-tracking Optimism Lend Protocol 221's collateral TVL & zero-liquidation yield markets with guaranteed Tier-1 editorial coverage on Cointelegraph & Yahoo Finance."
"Avalanche Launch Protocol 222","Web3 Token Launchpad","https://launch-avalanche-v222.org","Ecosystem & Marketing","contact@launch-avalanche-v222.org","Web3 Launchpad Package ($1,400 - $4,500)","Fast-tracking Avalanche Launch Protocol 222's fair-launch IDO mechanics & presale oversubscriptions with guaranteed Tier-1 editorial coverage on Cointelegraph & Yahoo Finance."
"Solana Perp Protocol 223","Web3 Derivatives Exchange","https://perp-solana-v223.org","Ecosystem & Marketing","contact@perp-solana-v223.org","Web3 Launchpad Package ($1,400 - $4,500)","Fast-tracking Solana Perp Protocol 223's onchain leverage trading volume & low fees with guaranteed Tier-1 editorial coverage on Cointelegraph & Yahoo Finance."
"TON Swap Protocol 224","Web3 DEX & AMM","https://swap-ton-v224.org","Ecosystem & Marketing","contact@swap-ton-v224.org","Web3 Launchpad Package ($1,400 - $4,500)","Fast-tracking TON Swap Protocol 224's token liquidity & trading volume milestones with guaranteed Tier-1 editorial coverage on Cointelegraph & Yahoo Finance."
"Polygon Pay Protocol 225","Web3 Web3 Payments","https://pay-polygon-v225.org","Ecosystem & Marketing","contact@pay-polygon-v225.org","Web3 Launchpad Package ($1,400 - $4,500)","Fast-tracking Polygon Pay Protocol 225's merchant crypto gateway adoption & fiat off-ramps with guaranteed Tier-1 editorial coverage on Cointelegraph & Yahoo Finance."
"Base Yield Protocol 226","Web3 Yield Aggregator","https://yield-base-v226.org","Ecosystem & Marketing","contact@yield-base-v226.org","Web3 Launchpad Package ($1,400 - $4,500)","Fast-tracking Base Yield Protocol 226's automated vault strategies & APY optimization with guaranteed Tier-1 editorial coverage on Cointelegraph & Yahoo Finance."
"Sui Oracle Protocol 227","Web3 Data Infrastructure","https://oracle-sui-v227.org","Ecosystem & Marketing","contact@oracle-sui-v227.org","Web3 Launchpad Package ($1,400 - $4,500)","Fast-tracking Sui Oracle Protocol 227's sub-second price feed security & TVL secured with guaranteed Tier-1 editorial coverage on Cointelegraph & Yahoo Finance."
"BNB Chain Vault Protocol 228","Web3 Asset Management","https://vault-bnbchain-v228.org","Ecosystem & Marketing","contact@vault-bnbchain-v228.org","Web3 Launchpad Package ($1,400 - $4,500)","Fast-tracking BNB Chain Vault Protocol 228's institutional treasury management & risk vaults with guaranteed Tier-1 editorial coverage on Cointelegraph & Yahoo Finance."
"Arbitrum Lend Protocol 229","Web3 Lending & Borrowing","https://lend-arbitrum-v229.org","Ecosystem & Marketing","contact@lend-arbitrum-v229.org","Web3 Launchpad Package ($1,400 - $4,500)","Fast-tracking Arbitrum Lend Protocol 229's collateral TVL & zero-liquidation yield markets with guaranteed Tier-1 editorial coverage on Cointelegraph & Yahoo Finance."
"Ethereum Launch Protocol 230","Web3 Token Launchpad","https://launch-ethereum-v230.org","Ecosystem & Marketing","contact@launch-ethereum-v230.org","Web3 Launchpad Package ($1,400 - $4,500)","Fast-tracking Ethereum Launch Protocol 230's fair-launch IDO mechanics & presale oversubscriptions with guaranteed Tier-1 editorial coverage on Cointelegraph & Yahoo Finance."
"Optimism Perp Protocol 231","Web3 Derivatives Exchange","https://perp-optimism-v231.org","Ecosystem & Marketing","contact@perp-optimism-v231.org","Web3 Launchpad Package ($1,400 - $4,500)","Fast-tracking Optimism Perp Protocol 231's onchain leverage trading volume & low fees with guaranteed Tier-1 editorial coverage on Cointelegraph & Yahoo Finance."
"Avalanche Swap Protocol 232","Web3 DEX & AMM","https://swap-avalanche-v232.org","Ecosystem & Marketing","contact@swap-avalanche-v232.org","Web3 Launchpad Package ($1,400 - $4,500)","Fast-tracking Avalanche Swap Protocol 232's token liquidity & trading volume milestones with guaranteed Tier-1 editorial coverage on Cointelegraph & Yahoo Finance."
"Solana Pay Protocol 233","Web3 Web3 Payments","https://pay-solana-v233.org","Ecosystem & Marketing","contact@pay-solana-v233.org","Web3 Launchpad Package ($1,400 - $4,500)","Fast-tracking Solana Pay Protocol 233's merchant crypto gateway adoption & fiat off-ramps with guaranteed Tier-1 editorial coverage on Cointelegraph & Yahoo Finance."
"TON Yield Protocol 234","Web3 Yield Aggregator","https://yield-ton-v234.org","Ecosystem & Marketing","contact@yield-ton-v234.org","Web3 Launchpad Package ($1,400 - $4,500)","Fast-tracking TON Yield Protocol 234's automated vault strategies & APY optimization with guaranteed Tier-1 editorial coverage on Cointelegraph & Yahoo Finance."
"Polygon Oracle Protocol 235","Web3 Data Infrastructure","https://oracle-polygon-v235.org","Ecosystem & Marketing","contact@oracle-polygon-v235.org","Web3 Launchpad Package ($1,400 - $4,500)","Fast-tracking Polygon Oracle Protocol 235's sub-second price feed security & TVL secured with guaranteed Tier-1 editorial coverage on Cointelegraph & Yahoo Finance."
"Base Vault Protocol 236","Web3 Asset Management","https://vault-base-v236.org","Ecosystem & Marketing","contact@vault-base-v236.org","Web3 Launchpad Package ($1,400 - $4,500)","Fast-tracking Base Vault Protocol 236's institutional treasury management & risk vaults with guaranteed Tier-1 editorial coverage on Cointelegraph & Yahoo Finance."
"Sui Lend Protocol 237","Web3 Lending & Borrowing","https://lend-sui-v237.org","Ecosystem & Marketing","contact@lend-sui-v237.org","Web3 Launchpad Package ($1,400 - $4,500)","Fast-tracking Sui Lend Protocol 237's collateral TVL & zero-liquidation yield markets with guaranteed Tier-1 editorial coverage on Cointelegraph & Yahoo Finance."
"BNB Chain Launch Protocol 238","Web3 Token Launchpad","https://launch-bnbchain-v238.org","Ecosystem & Marketing","contact@launch-bnbchain-v238.org","Web3 Launchpad Package ($1,400 - $4,500)","Fast-tracking BNB Chain Launch Protocol 238's fair-launch IDO mechanics & presale oversubscriptions with guaranteed Tier-1 editorial coverage on Cointelegraph & Yahoo Finance."
"Arbitrum Perp Protocol 239","Web3 Derivatives Exchange","https://perp-arbitrum-v239.org","Ecosystem & Marketing","contact@perp-arbitrum-v239.org","Web3 Launchpad Package ($1,400 - $4,500)","Fast-tracking Arbitrum Perp Protocol 239's onchain leverage trading volume & low fees with guaranteed Tier-1 editorial coverage on Cointelegraph & Yahoo Finance."
"Ethereum Swap Protocol 240","Web3 DEX & AMM","https://swap-ethereum-v240.org","Ecosystem & Marketing","contact@swap-ethereum-v240.org","Web3 Launchpad Package ($1,400 - $4,500)","Fast-tracking Ethereum Swap Protocol 240's token liquidity & trading volume milestones with guaranteed Tier-1 editorial coverage on Cointelegraph & Yahoo Finance."
"Optimism Pay Protocol 241","Web3 Web3 Payments","https://pay-optimism-v241.org","Ecosystem & Marketing","contact@pay-optimism-v241.org","Web3 Launchpad Package ($1,400 - $4,500)","Fast-tracking Optimism Pay Protocol 241's merchant crypto gateway adoption & fiat off-ramps with guaranteed Tier-1 editorial coverage on Cointelegraph & Yahoo Finance."
"Avalanche Yield Protocol 242","Web3 Yield Aggregator","https://yield-avalanche-v242.org","Ecosystem & Marketing","contact@yield-avalanche-v242.org","Web3 Launchpad Package ($1,400 - $4,500)","Fast-tracking Avalanche Yield Protocol 242's automated vault strategies & APY optimization with guaranteed Tier-1 editorial coverage on Cointelegraph & Yahoo Finance."
"Solana Oracle Protocol 243","Web3 Data Infrastructure","https://oracle-solana-v243.org","Ecosystem & Marketing","contact@oracle-solana-v243.org","Web3 Launchpad Package ($1,400 - $4,500)","Fast-tracking Solana Oracle Protocol 243's sub-second price feed security & TVL secured with guaranteed Tier-1 editorial coverage on Cointelegraph & Yahoo Finance."
"TON Vault Protocol 244","Web3 Asset Management","https://vault-ton-v244.org","Ecosystem & Marketing","contact@vault-ton-v244.org","Web3 Launchpad Package ($1,400 - $4,500)","Fast-tracking TON Vault Protocol 244's institutional treasury management & risk vaults with guaranteed Tier-1 editorial coverage on Cointelegraph & Yahoo Finance."
"Polygon Lend Protocol 245","Web3 Lending & Borrowing","https://lend-polygon-v245.org","Ecosystem & Marketing","contact@lend-polygon-v245.org","Web3 Launchpad Package ($1,400 - $4,500)","Fast-tracking Polygon Lend Protocol 245's collateral TVL & zero-liquidation yield markets with guaranteed Tier-1 editorial coverage on Cointelegraph & Yahoo Finance."
"Base Launch Protocol 246","Web3 Token Launchpad","https://launch-base-v246.org","Ecosystem & Marketing","contact@launch-base-v246.org","Web3 Launchpad Package ($1,400 - $4,500)","Fast-tracking Base Launch Protocol 246's fair-launch IDO mechanics & presale oversubscriptions with guaranteed Tier-1 editorial coverage on Cointelegraph & Yahoo Finance."
"Sui Perp Protocol 247","Web3 Derivatives Exchange","https://perp-sui-v247.org","Ecosystem & Marketing","contact@perp-sui-v247.org","Web3 Launchpad Package ($1,400 - $4,500)","Fast-tracking Sui Perp Protocol 247's onchain leverage trading volume & low fees with guaranteed Tier-1 editorial coverage on Cointelegraph & Yahoo Finance."
"BNB Chain Swap Protocol 248","Web3 DEX & AMM","https://swap-bnbchain-v248.org","Ecosystem & Marketing","contact@swap-bnbchain-v248.org","Web3 Launchpad Package ($1,400 - $4,500)","Fast-tracking BNB Chain Swap Protocol 248's token liquidity & trading volume milestones with guaranteed Tier-1 editorial coverage on Cointelegraph & Yahoo Finance."
"Arbitrum Pay Protocol 249","Web3 Web3 Payments","https://pay-arbitrum-v249.org","Ecosystem & Marketing","contact@pay-arbitrum-v249.org","Web3 Launchpad Package ($1,400 - $4,500)","Fast-tracking Arbitrum Pay Protocol 249's merchant crypto gateway adoption & fiat off-ramps with guaranteed Tier-1 editorial coverage on Cointelegraph & Yahoo Finance."
"Ethereum Yield Protocol 250","Web3 Yield Aggregator","https://yield-ethereum-v250.org","Ecosystem & Marketing","contact@yield-ethereum-v250.org","Web3 Launchpad Package ($1,400 - $4,500)","Fast-tracking Ethereum Yield Protocol 250's automated vault strategies & APY optimization with guaranteed Tier-1 editorial coverage on Cointelegraph & Yahoo Finance."
"Optimism Oracle Protocol 251","Web3 Data Infrastructure","https://oracle-optimism-v251.org","Ecosystem & Marketing","contact@oracle-optimism-v251.org","Web3 Launchpad Package ($1,400 - $4,500)","Fast-tracking Optimism Oracle Protocol 251's sub-second price feed security & TVL secured with guaranteed Tier-1 editorial coverage on Cointelegraph & Yahoo Finance."
"Avalanche Vault Protocol 252","Web3 Asset Management","https://vault-avalanche-v252.org","Ecosystem & Marketing","contact@vault-avalanche-v252.org","Web3 Launchpad Package ($1,400 - $4,500)","Fast-tracking Avalanche Vault Protocol 252's institutional treasury management & risk vaults with guaranteed Tier-1 editorial coverage on Cointelegraph & Yahoo Finance."
"Solana Lend Protocol 253","Web3 Lending & Borrowing","https://lend-solana-v253.org","Ecosystem & Marketing","contact@lend-solana-v253.org","Web3 Launchpad Package ($1,400 - $4,500)","Fast-tracking Solana Lend Protocol 253's collateral TVL & zero-liquidation yield markets with guaranteed Tier-1 editorial coverage on Cointelegraph & Yahoo Finance."
"TON Launch Protocol 254","Web3 Token Launchpad","https://launch-ton-v254.org","Ecosystem & Marketing","contact@launch-ton-v254.org","Web3 Launchpad Package ($1,400 - $4,500)","Fast-tracking TON Launch Protocol 254's fair-launch IDO mechanics & presale oversubscriptions with guaranteed Tier-1 editorial coverage on Cointelegraph & Yahoo Finance."
"Polygon Perp Protocol 255","Web3 Derivatives Exchange","https://perp-polygon-v255.org","Ecosystem & Marketing","contact@perp-polygon-v255.org","Web3 Launchpad Package ($1,400 - $4,500)","Fast-tracking Polygon Perp Protocol 255's onchain leverage trading volume & low fees with guaranteed Tier-1 editorial coverage on Cointelegraph & Yahoo Finance."
"Base Swap Protocol 256","Web3 DEX & AMM","https://swap-base-v256.org","Ecosystem & Marketing","contact@swap-base-v256.org","Web3 Launchpad Package ($1,400 - $4,500)","Fast-tracking Base Swap Protocol 256's token liquidity & trading volume milestones with guaranteed Tier-1 editorial coverage on Cointelegraph & Yahoo Finance."
"Sui Pay Protocol 257","Web3 Web3 Payments","https://pay-sui-v257.org","Ecosystem & Marketing","contact@pay-sui-v257.org","Web3 Launchpad Package ($1,400 - $4,500)","Fast-tracking Sui Pay Protocol 257's merchant crypto gateway adoption & fiat off-ramps with guaranteed Tier-1 editorial coverage on Cointelegraph & Yahoo Finance."
"BNB Chain Yield Protocol 258","Web3 Yield Aggregator","https://yield-bnbchain-v258.org","Ecosystem & Marketing","contact@yield-bnbchain-v258.org","Web3 Launchpad Package ($1,400 - $4,500)","Fast-tracking BNB Chain Yield Protocol 258's automated vault strategies & APY optimization with guaranteed Tier-1 editorial coverage on Cointelegraph & Yahoo Finance."
"Arbitrum Oracle Protocol 259","Web3 Data Infrastructure","https://oracle-arbitrum-v259.org","Ecosystem & Marketing","contact@oracle-arbitrum-v259.org","Web3 Launchpad Package ($1,400 - $4,500)","Fast-tracking Arbitrum Oracle Protocol 259's sub-second price feed security & TVL secured with guaranteed Tier-1 editorial coverage on Cointelegraph & Yahoo Finance."
"Ethereum Vault Protocol 260","Web3 Asset Management","https://vault-ethereum-v260.org","Ecosystem & Marketing","contact@vault-ethereum-v260.org","Web3 Launchpad Package ($1,400 - $4,500)","Fast-tracking Ethereum Vault Protocol 260's institutional treasury management & risk vaults with guaranteed Tier-1 editorial coverage on Cointelegraph & Yahoo Finance."
"Optimism Lend Protocol 261","Web3 Lending & Borrowing","https://lend-optimism-v261.org","Ecosystem & Marketing","contact@lend-optimism-v261.org","Web3 Launchpad Package ($1,400 - $4,500)","Fast-tracking Optimism Lend Protocol 261's collateral TVL & zero-liquidation yield markets with guaranteed Tier-1 editorial coverage on Cointelegraph & Yahoo Finance."
"Avalanche Launch Protocol 262","Web3 Token Launchpad","https://launch-avalanche-v262.org","Ecosystem & Marketing","contact@launch-avalanche-v262.org","Web3 Launchpad Package ($1,400 - $4,500)","Fast-tracking Avalanche Launch Protocol 262's fair-launch IDO mechanics & presale oversubscriptions with guaranteed Tier-1 editorial coverage on Cointelegraph & Yahoo Finance."
"Solana Perp Protocol 263","Web3 Derivatives Exchange","https://perp-solana-v263.org","Ecosystem & Marketing","contact@perp-solana-v263.org","Web3 Launchpad Package ($1,400 - $4,500)","Fast-tracking Solana Perp Protocol 263's onchain leverage trading volume & low fees with guaranteed Tier-1 editorial coverage on Cointelegraph & Yahoo Finance."
"TON Swap Protocol 264","Web3 DEX & AMM","https://swap-ton-v264.org","Ecosystem & Marketing","contact@swap-ton-v264.org","Web3 Launchpad Package ($1,400 - $4,500)","Fast-tracking TON Swap Protocol 264's token liquidity & trading volume milestones with guaranteed Tier-1 editorial coverage on Cointelegraph & Yahoo Finance."
"Polygon Pay Protocol 265","Web3 Web3 Payments","https://pay-polygon-v265.org","Ecosystem & Marketing","contact@pay-polygon-v265.org","Web3 Launchpad Package ($1,400 - $4,500)","Fast-tracking Polygon Pay Protocol 265's merchant crypto gateway adoption & fiat off-ramps with guaranteed Tier-1 editorial coverage on Cointelegraph & Yahoo Finance."
"Base Yield Protocol 266","Web3 Yield Aggregator","https://yield-base-v266.org","Ecosystem & Marketing","contact@yield-base-v266.org","Web3 Launchpad Package ($1,400 - $4,500)","Fast-tracking Base Yield Protocol 266's automated vault strategies & APY optimization with guaranteed Tier-1 editorial coverage on Cointelegraph & Yahoo Finance."
"Sui Oracle Protocol 267","Web3 Data Infrastructure","https://oracle-sui-v267.org","Ecosystem & Marketing","contact@oracle-sui-v267.org","Web3 Launchpad Package ($1,400 - $4,500)","Fast-tracking Sui Oracle Protocol 267's sub-second price feed security & TVL secured with guaranteed Tier-1 editorial coverage on Cointelegraph & Yahoo Finance."
"BNB Chain Vault Protocol 268","Web3 Asset Management","https://vault-bnbchain-v268.org","Ecosystem & Marketing","contact@vault-bnbchain-v268.org","Web3 Launchpad Package ($1,400 - $4,500)","Fast-tracking BNB Chain Vault Protocol 268's institutional treasury management & risk vaults with guaranteed Tier-1 editorial coverage on Cointelegraph & Yahoo Finance."
"Arbitrum Lend Protocol 269","Web3 Lending & Borrowing","https://lend-arbitrum-v269.org","Ecosystem & Marketing","contact@lend-arbitrum-v269.org","Web3 Launchpad Package ($1,400 - $4,500)","Fast-tracking Arbitrum Lend Protocol 269's collateral TVL & zero-liquidation yield markets with guaranteed Tier-1 editorial coverage on Cointelegraph & Yahoo Finance."
"Ethereum Launch Protocol 270","Web3 Token Launchpad","https://launch-ethereum-v270.org","Ecosystem & Marketing","contact@launch-ethereum-v270.org","Web3 Launchpad Package ($1,400 - $4,500)","Fast-tracking Ethereum Launch Protocol 270's fair-launch IDO mechanics & presale oversubscriptions with guaranteed Tier-1 editorial coverage on Cointelegraph & Yahoo Finance."
"Optimism Perp Protocol 271","Web3 Derivatives Exchange","https://perp-optimism-v271.org","Ecosystem & Marketing","contact@perp-optimism-v271.org","Web3 Launchpad Package ($1,400 - $4,500)","Fast-tracking Optimism Perp Protocol 271's onchain leverage trading volume & low fees with guaranteed Tier-1 editorial coverage on Cointelegraph & Yahoo Finance."
"Avalanche Swap Protocol 272","Web3 DEX & AMM","https://swap-avalanche-v272.org","Ecosystem & Marketing","contact@swap-avalanche-v272.org","Web3 Launchpad Package ($1,400 - $4,500)","Fast-tracking Avalanche Swap Protocol 272's token liquidity & trading volume milestones with guaranteed Tier-1 editorial coverage on Cointelegraph & Yahoo Finance."
"Solana Pay Protocol 273","Web3 Web3 Payments","https://pay-solana-v273.org","Ecosystem & Marketing","contact@pay-solana-v273.org","Web3 Launchpad Package ($1,400 - $4,500)","Fast-tracking Solana Pay Protocol 273's merchant crypto gateway adoption & fiat off-ramps with guaranteed Tier-1 editorial coverage on Cointelegraph & Yahoo Finance."
"TON Yield Protocol 274","Web3 Yield Aggregator","https://yield-ton-v274.org","Ecosystem & Marketing","contact@yield-ton-v274.org","Web3 Launchpad Package ($1,400 - $4,500)","Fast-tracking TON Yield Protocol 274's automated vault strategies & APY optimization with guaranteed Tier-1 editorial coverage on Cointelegraph & Yahoo Finance."
"Polygon Oracle Protocol 275","Web3 Data Infrastructure","https://oracle-polygon-v275.org","Ecosystem & Marketing","contact@oracle-polygon-v275.org","Web3 Launchpad Package ($1,400 - $4,500)","Fast-tracking Polygon Oracle Protocol 275's sub-second price feed security & TVL secured with guaranteed Tier-1 editorial coverage on Cointelegraph & Yahoo Finance."
"Base Vault Protocol 276","Web3 Asset Management","https://vault-base-v276.org","Ecosystem & Marketing","contact@vault-base-v276.org","Web3 Launchpad Package ($1,400 - $4,500)","Fast-tracking Base Vault Protocol 276's institutional treasury management & risk vaults with guaranteed Tier-1 editorial coverage on Cointelegraph & Yahoo Finance."
"Sui Lend Protocol 277","Web3 Lending & Borrowing","https://lend-sui-v277.org","Ecosystem & Marketing","contact@lend-sui-v277.org","Web3 Launchpad Package ($1,400 - $4,500)","Fast-tracking Sui Lend Protocol 277's collateral TVL & zero-liquidation yield markets with guaranteed Tier-1 editorial coverage on Cointelegraph & Yahoo Finance."
"BNB Chain Launch Protocol 278","Web3 Token Launchpad","https://launch-bnbchain-v278.org","Ecosystem & Marketing","contact@launch-bnbchain-v278.org","Web3 Launchpad Package ($1,400 - $4,500)","Fast-tracking BNB Chain Launch Protocol 278's fair-launch IDO mechanics & presale oversubscriptions with guaranteed Tier-1 editorial coverage on Cointelegraph & Yahoo Finance."
"Arbitrum Perp Protocol 279","Web3 Derivatives Exchange","https://perp-arbitrum-v279.org","Ecosystem & Marketing","contact@perp-arbitrum-v279.org","Web3 Launchpad Package ($1,400 - $4,500)","Fast-tracking Arbitrum Perp Protocol 279's onchain leverage trading volume & low fees with guaranteed Tier-1 editorial coverage on Cointelegraph & Yahoo Finance."
"Ethereum Swap Protocol 280","Web3 DEX & AMM","https://swap-ethereum-v280.org","Ecosystem & Marketing","contact@swap-ethereum-v280.org","Web3 Launchpad Package ($1,400 - $4,500)","Fast-tracking Ethereum Swap Protocol 280's token liquidity & trading volume milestones with guaranteed Tier-1 editorial coverage on Cointelegraph & Yahoo Finance."
"Optimism Pay Protocol 281","Web3 Web3 Payments","https://pay-optimism-v281.org","Ecosystem & Marketing","contact@pay-optimism-v281.org","Web3 Launchpad Package ($1,400 - $4,500)","Fast-tracking Optimism Pay Protocol 281's merchant crypto gateway adoption & fiat off-ramps with guaranteed Tier-1 editorial coverage on Cointelegraph & Yahoo Finance."
"Avalanche Yield Protocol 282","Web3 Yield Aggregator","https://yield-avalanche-v282.org","Ecosystem & Marketing","contact@yield-avalanche-v282.org","Web3 Launchpad Package ($1,400 - $4,500)","Fast-tracking Avalanche Yield Protocol 282's automated vault strategies & APY optimization with guaranteed Tier-1 editorial coverage on Cointelegraph & Yahoo Finance."
"Solana Oracle Protocol 283","Web3 Data Infrastructure","https://oracle-solana-v283.org","Ecosystem & Marketing","contact@oracle-solana-v283.org","Web3 Launchpad Package ($1,400 - $4,500)","Fast-tracking Solana Oracle Protocol 283's sub-second price feed security & TVL secured with guaranteed Tier-1 editorial coverage on Cointelegraph & Yahoo Finance."
"TON Vault Protocol 284","Web3 Asset Management","https://vault-ton-v284.org","Ecosystem & Marketing","contact@vault-ton-v284.org","Web3 Launchpad Package ($1,400 - $4,500)","Fast-tracking TON Vault Protocol 284's institutional treasury management & risk vaults with guaranteed Tier-1 editorial coverage on Cointelegraph & Yahoo Finance."
"Polygon Lend Protocol 285","Web3 Lending & Borrowing","https://lend-polygon-v285.org","Ecosystem & Marketing","contact@lend-polygon-v285.org","Web3 Launchpad Package ($1,400 - $4,500)","Fast-tracking Polygon Lend Protocol 285's collateral TVL & zero-liquidation yield markets with guaranteed Tier-1 editorial coverage on Cointelegraph & Yahoo Finance."
"Base Launch Protocol 286","Web3 Token Launchpad","https://launch-base-v286.org","Ecosystem & Marketing","contact@launch-base-v286.org","Web3 Launchpad Package ($1,400 - $4,500)","Fast-tracking Base Launch Protocol 286's fair-launch IDO mechanics & presale oversubscriptions with guaranteed Tier-1 editorial coverage on Cointelegraph & Yahoo Finance."
"Sui Perp Protocol 287","Web3 Derivatives Exchange","https://perp-sui-v287.org","Ecosystem & Marketing","contact@perp-sui-v287.org","Web3 Launchpad Package ($1,400 - $4,500)","Fast-tracking Sui Perp Protocol 287's onchain leverage trading volume & low fees with guaranteed Tier-1 editorial coverage on Cointelegraph & Yahoo Finance."
"BNB Chain Swap Protocol 288","Web3 DEX & AMM","https://swap-bnbchain-v288.org","Ecosystem & Marketing","contact@swap-bnbchain-v288.org","Web3 Launchpad Package ($1,400 - $4,500)","Fast-tracking BNB Chain Swap Protocol 288's token liquidity & trading volume milestones with guaranteed Tier-1 editorial coverage on Cointelegraph & Yahoo Finance."
"Arbitrum Pay Protocol 289","Web3 Web3 Payments","https://pay-arbitrum-v289.org","Ecosystem & Marketing","contact@pay-arbitrum-v289.org","Web3 Launchpad Package ($1,400 - $4,500)","Fast-tracking Arbitrum Pay Protocol 289's merchant crypto gateway adoption & fiat off-ramps with guaranteed Tier-1 editorial coverage on Cointelegraph & Yahoo Finance."
"Ethereum Yield Protocol 290","Web3 Yield Aggregator","https://yield-ethereum-v290.org","Ecosystem & Marketing","contact@yield-ethereum-v290.org","Web3 Launchpad Package ($1,400 - $4,500)","Fast-tracking Ethereum Yield Protocol 290's automated vault strategies & APY optimization with guaranteed Tier-1 editorial coverage on Cointelegraph & Yahoo Finance."
"Optimism Oracle Protocol 291","Web3 Data Infrastructure","https://oracle-optimism-v291.org","Ecosystem & Marketing","contact@oracle-optimism-v291.org","Web3 Launchpad Package ($1,400 - $4,500)","Fast-tracking Optimism Oracle Protocol 291's sub-second price feed security & TVL secured with guaranteed Tier-1 editorial coverage on Cointelegraph & Yahoo Finance."
"Avalanche Vault Protocol 292","Web3 Asset Management","https://vault-avalanche-v292.org","Ecosystem & Marketing","contact@vault-avalanche-v292.org","Web3 Launchpad Package ($1,400 - $4,500)","Fast-tracking Avalanche Vault Protocol 292's institutional treasury management & risk vaults with guaranteed Tier-1 editorial coverage on Cointelegraph & Yahoo Finance."
"Solana Lend Protocol 293","Web3 Lending & Borrowing","https://lend-solana-v293.org","Ecosystem & Marketing","contact@lend-solana-v293.org","Web3 Launchpad Package ($1,400 - $4,500)","Fast-tracking Solana Lend Protocol 293's collateral TVL & zero-liquidation yield markets with guaranteed Tier-1 editorial coverage on Cointelegraph & Yahoo Finance."
"TON Launch Protocol 294","Web3 Token Launchpad","https://launch-ton-v294.org","Ecosystem & Marketing","contact@launch-ton-v294.org","Web3 Launchpad Package ($1,400 - $4,500)","Fast-tracking TON Launch Protocol 294's fair-launch IDO mechanics & presale oversubscriptions with guaranteed Tier-1 editorial coverage on Cointelegraph & Yahoo Finance."
"Polygon Perp Protocol 295","Web3 Derivatives Exchange","https://perp-polygon-v295.org","Ecosystem & Marketing","contact@perp-polygon-v295.org","Web3 Launchpad Package ($1,400 - $4,500)","Fast-tracking Polygon Perp Protocol 295's onchain leverage trading volume & low fees with guaranteed Tier-1 editorial coverage on Cointelegraph & Yahoo Finance."
"Base Swap Protocol 296","Web3 DEX & AMM","https://swap-base-v296.org","Ecosystem & Marketing","contact@swap-base-v296.org","Web3 Launchpad Package ($1,400 - $4,500)","Fast-tracking Base Swap Protocol 296's token liquidity & trading volume milestones with guaranteed Tier-1 editorial coverage on Cointelegraph & Yahoo Finance."
"Sui Pay Protocol 297","Web3 Web3 Payments","https://pay-sui-v297.org","Ecosystem & Marketing","contact@pay-sui-v297.org","Web3 Launchpad Package ($1,400 - $4,500)","Fast-tracking Sui Pay Protocol 297's merchant crypto gateway adoption & fiat off-ramps with guaranteed Tier-1 editorial coverage on Cointelegraph & Yahoo Finance."
"BNB Chain Yield Protocol 298","Web3 Yield Aggregator","https://yield-bnbchain-v298.org","Ecosystem & Marketing","contact@yield-bnbchain-v298.org","Web3 Launchpad Package ($1,400 - $4,500)","Fast-tracking BNB Chain Yield Protocol 298's automated vault strategies & APY optimization with guaranteed Tier-1 editorial coverage on Cointelegraph & Yahoo Finance."
"Arbitrum Oracle Protocol 299","Web3 Data Infrastructure","https://oracle-arbitrum-v299.org","Ecosystem & Marketing","contact@oracle-arbitrum-v299.org","Web3 Launchpad Package ($1,400 - $4,500)","Fast-tracking Arbitrum Oracle Protocol 299's sub-second price feed security & TVL secured with guaranteed Tier-1 editorial coverage on Cointelegraph & Yahoo Finance."
"Ethereum Vault Protocol 300","Web3 Asset Management","https://vault-ethereum-v300.org","Ecosystem & Marketing","contact@vault-ethereum-v300.org","Web3 Launchpad Package ($1,400 - $4,500)","Fast-tracking Ethereum Vault Protocol 300's institutional treasury management & risk vaults with guaranteed Tier-1 editorial coverage on Cointelegraph & Yahoo Finance."
"Optimism Lend Protocol 301","Web3 Lending & Borrowing","https://lend-optimism-v301.org","Ecosystem & Marketing","contact@lend-optimism-v301.org","Web3 Launchpad Package ($1,400 - $4,500)","Fast-tracking Optimism Lend Protocol 301's collateral TVL & zero-liquidation yield markets with guaranteed Tier-1 editorial coverage on Cointelegraph & Yahoo Finance."
"Avalanche Launch Protocol 302","Web3 Token Launchpad","https://launch-avalanche-v302.org","Ecosystem & Marketing","contact@launch-avalanche-v302.org","Web3 Launchpad Package ($1,400 - $4,500)","Fast-tracking Avalanche Launch Protocol 302's fair-launch IDO mechanics & presale oversubscriptions with guaranteed Tier-1 editorial coverage on Cointelegraph & Yahoo Finance."
"Solana Perp Protocol 303","Web3 Derivatives Exchange","https://perp-solana-v303.org","Ecosystem & Marketing","contact@perp-solana-v303.org","Web3 Launchpad Package ($1,400 - $4,500)","Fast-tracking Solana Perp Protocol 303's onchain leverage trading volume & low fees with guaranteed Tier-1 editorial coverage on Cointelegraph & Yahoo Finance."
"TON Swap Protocol 304","Web3 DEX & AMM","https://swap-ton-v304.org","Ecosystem & Marketing","contact@swap-ton-v304.org","Web3 Launchpad Package ($1,400 - $4,500)","Fast-tracking TON Swap Protocol 304's token liquidity & trading volume milestones with guaranteed Tier-1 editorial coverage on Cointelegraph & Yahoo Finance."
"Polygon Pay Protocol 305","Web3 Web3 Payments","https://pay-polygon-v305.org","Ecosystem & Marketing","contact@pay-polygon-v305.org","Web3 Launchpad Package ($1,400 - $4,500)","Fast-tracking Polygon Pay Protocol 305's merchant crypto gateway adoption & fiat off-ramps with guaranteed Tier-1 editorial coverage on Cointelegraph & Yahoo Finance."
"Base Yield Protocol 306","Web3 Yield Aggregator","https://yield-base-v306.org","Ecosystem & Marketing","contact@yield-base-v306.org","Web3 Launchpad Package ($1,400 - $4,500)","Fast-tracking Base Yield Protocol 306's automated vault strategies & APY optimization with guaranteed Tier-1 editorial coverage on Cointelegraph & Yahoo Finance."
"Sui Oracle Protocol 307","Web3 Data Infrastructure","https://oracle-sui-v307.org","Ecosystem & Marketing","contact@oracle-sui-v307.org","Web3 Launchpad Package ($1,400 - $4,500)","Fast-tracking Sui Oracle Protocol 307's sub-second price feed security & TVL secured with guaranteed Tier-1 editorial coverage on Cointelegraph & Yahoo Finance."
"BNB Chain Vault Protocol 308","Web3 Asset Management","https://vault-bnbchain-v308.org","Ecosystem & Marketing","contact@vault-bnbchain-v308.org","Web3 Launchpad Package ($1,400 - $4,500)","Fast-tracking BNB Chain Vault Protocol 308's institutional treasury management & risk vaults with guaranteed Tier-1 editorial coverage on Cointelegraph & Yahoo Finance."
"Arbitrum Lend Protocol 309","Web3 Lending & Borrowing","https://lend-arbitrum-v309.org","Ecosystem & Marketing","contact@lend-arbitrum-v309.org","Web3 Launchpad Package ($1,400 - $4,500)","Fast-tracking Arbitrum Lend Protocol 309's collateral TVL & zero-liquidation yield markets with guaranteed Tier-1 editorial coverage on Cointelegraph & Yahoo Finance."
"Ethereum Launch Protocol 310","Web3 Token Launchpad","https://launch-ethereum-v310.org","Ecosystem & Marketing","contact@launch-ethereum-v310.org","Web3 Launchpad Package ($1,400 - $4,500)","Fast-tracking Ethereum Launch Protocol 310's fair-launch IDO mechanics & presale oversubscriptions with guaranteed Tier-1 editorial coverage on Cointelegraph & Yahoo Finance."
"Optimism Perp Protocol 311","Web3 Derivatives Exchange","https://perp-optimism-v311.org","Ecosystem & Marketing","contact@perp-optimism-v311.org","Web3 Launchpad Package ($1,400 - $4,500)","Fast-tracking Optimism Perp Protocol 311's onchain leverage trading volume & low fees with guaranteed Tier-1 editorial coverage on Cointelegraph & Yahoo Finance."
"Avalanche Swap Protocol 312","Web3 DEX & AMM","https://swap-avalanche-v312.org","Ecosystem & Marketing","contact@swap-avalanche-v312.org","Web3 Launchpad Package ($1,400 - $4,500)","Fast-tracking Avalanche Swap Protocol 312's token liquidity & trading volume milestones with guaranteed Tier-1 editorial coverage on Cointelegraph & Yahoo Finance."
"Solana Pay Protocol 313","Web3 Web3 Payments","https://pay-solana-v313.org","Ecosystem & Marketing","contact@pay-solana-v313.org","Web3 Launchpad Package ($1,400 - $4,500)","Fast-tracking Solana Pay Protocol 313's merchant crypto gateway adoption & fiat off-ramps with guaranteed Tier-1 editorial coverage on Cointelegraph & Yahoo Finance."
"TON Yield Protocol 314","Web3 Yield Aggregator","https://yield-ton-v314.org","Ecosystem & Marketing","contact@yield-ton-v314.org","Web3 Launchpad Package ($1,400 - $4,500)","Fast-tracking TON Yield Protocol 314's automated vault strategies & APY optimization with guaranteed Tier-1 editorial coverage on Cointelegraph & Yahoo Finance."
"Polygon Oracle Protocol 315","Web3 Data Infrastructure","https://oracle-polygon-v315.org","Ecosystem & Marketing","contact@oracle-polygon-v315.org","Web3 Launchpad Package ($1,400 - $4,500)","Fast-tracking Polygon Oracle Protocol 315's sub-second price feed security & TVL secured with guaranteed Tier-1 editorial coverage on Cointelegraph & Yahoo Finance."
"Base Vault Protocol 316","Web3 Asset Management","https://vault-base-v316.org","Ecosystem & Marketing","contact@vault-base-v316.org","Web3 Launchpad Package ($1,400 - $4,500)","Fast-tracking Base Vault Protocol 316's institutional treasury management & risk vaults with guaranteed Tier-1 editorial coverage on Cointelegraph & Yahoo Finance."
"Sui Lend Protocol 317","Web3 Lending & Borrowing","https://lend-sui-v317.org","Ecosystem & Marketing","contact@lend-sui-v317.org","Web3 Launchpad Package ($1,400 - $4,500)","Fast-tracking Sui Lend Protocol 317's collateral TVL & zero-liquidation yield markets with guaranteed Tier-1 editorial coverage on Cointelegraph & Yahoo Finance."
"BNB Chain Launch Protocol 318","Web3 Token Launchpad","https://launch-bnbchain-v318.org","Ecosystem & Marketing","contact@launch-bnbchain-v318.org","Web3 Launchpad Package ($1,400 - $4,500)","Fast-tracking BNB Chain Launch Protocol 318's fair-launch IDO mechanics & presale oversubscriptions with guaranteed Tier-1 editorial coverage on Cointelegraph & Yahoo Finance."
"Arbitrum Perp Protocol 319","Web3 Derivatives Exchange","https://perp-arbitrum-v319.org","Ecosystem & Marketing","contact@perp-arbitrum-v319.org","Web3 Launchpad Package ($1,400 - $4,500)","Fast-tracking Arbitrum Perp Protocol 319's onchain leverage trading volume & low fees with guaranteed Tier-1 editorial coverage on Cointelegraph & Yahoo Finance."
"Ethereum Swap Protocol 320","Web3 DEX & AMM","https://swap-ethereum-v320.org","Ecosystem & Marketing","contact@swap-ethereum-v320.org","Web3 Launchpad Package ($1,400 - $4,500)","Fast-tracking Ethereum Swap Protocol 320's token liquidity & trading volume milestones with guaranteed Tier-1 editorial coverage on Cointelegraph & Yahoo Finance."
"Optimism Pay Protocol 321","Web3 Web3 Payments","https://pay-optimism-v321.org","Ecosystem & Marketing","contact@pay-optimism-v321.org","Web3 Launchpad Package ($1,400 - $4,500)","Fast-tracking Optimism Pay Protocol 321's merchant crypto gateway adoption & fiat off-ramps with guaranteed Tier-1 editorial coverage on Cointelegraph & Yahoo Finance."
"Avalanche Yield Protocol 322","Web3 Yield Aggregator","https://yield-avalanche-v322.org","Ecosystem & Marketing","contact@yield-avalanche-v322.org","Web3 Launchpad Package ($1,400 - $4,500)","Fast-tracking Avalanche Yield Protocol 322's automated vault strategies & APY optimization with guaranteed Tier-1 editorial coverage on Cointelegraph & Yahoo Finance."
"Solana Oracle Protocol 323","Web3 Data Infrastructure","https://oracle-solana-v323.org","Ecosystem & Marketing","contact@oracle-solana-v323.org","Web3 Launchpad Package ($1,400 - $4,500)","Fast-tracking Solana Oracle Protocol 323's sub-second price feed security & TVL secured with guaranteed Tier-1 editorial coverage on Cointelegraph & Yahoo Finance."
"TON Vault Protocol 324","Web3 Asset Management","https://vault-ton-v324.org","Ecosystem & Marketing","contact@vault-ton-v324.org","Web3 Launchpad Package ($1,400 - $4,500)","Fast-tracking TON Vault Protocol 324's institutional treasury management & risk vaults with guaranteed Tier-1 editorial coverage on Cointelegraph & Yahoo Finance."
"Polygon Lend Protocol 325","Web3 Lending & Borrowing","https://lend-polygon-v325.org","Ecosystem & Marketing","contact@lend-polygon-v325.org","Web3 Launchpad Package ($1,400 - $4,500)","Fast-tracking Polygon Lend Protocol 325's collateral TVL & zero-liquidation yield markets with guaranteed Tier-1 editorial coverage on Cointelegraph & Yahoo Finance."
"Base Launch Protocol 326","Web3 Token Launchpad","https://launch-base-v326.org","Ecosystem & Marketing","contact@launch-base-v326.org","Web3 Launchpad Package ($1,400 - $4,500)","Fast-tracking Base Launch Protocol 326's fair-launch IDO mechanics & presale oversubscriptions with guaranteed Tier-1 editorial coverage on Cointelegraph & Yahoo Finance."
"Sui Perp Protocol 327","Web3 Derivatives Exchange","https://perp-sui-v327.org","Ecosystem & Marketing","contact@perp-sui-v327.org","Web3 Launchpad Package ($1,400 - $4,500)","Fast-tracking Sui Perp Protocol 327's onchain leverage trading volume & low fees with guaranteed Tier-1 editorial coverage on Cointelegraph & Yahoo Finance."
"BNB Chain Swap Protocol 328","Web3 DEX & AMM","https://swap-bnbchain-v328.org","Ecosystem & Marketing","contact@swap-bnbchain-v328.org","Web3 Launchpad Package ($1,400 - $4,500)","Fast-tracking BNB Chain Swap Protocol 328's token liquidity & trading volume milestones with guaranteed Tier-1 editorial coverage on Cointelegraph & Yahoo Finance."
"Arbitrum Pay Protocol 329","Web3 Web3 Payments","https://pay-arbitrum-v329.org","Ecosystem & Marketing","contact@pay-arbitrum-v329.org","Web3 Launchpad Package ($1,400 - $4,500)","Fast-tracking Arbitrum Pay Protocol 329's merchant crypto gateway adoption & fiat off-ramps with guaranteed Tier-1 editorial coverage on Cointelegraph & Yahoo Finance."
"Ethereum Yield Protocol 330","Web3 Yield Aggregator","https://yield-ethereum-v330.org","Ecosystem & Marketing","contact@yield-ethereum-v330.org","Web3 Launchpad Package ($1,400 - $4,500)","Fast-tracking Ethereum Yield Protocol 330's automated vault strategies & APY optimization with guaranteed Tier-1 editorial coverage on Cointelegraph & Yahoo Finance."
"Optimism Oracle Protocol 331","Web3 Data Infrastructure","https://oracle-optimism-v331.org","Ecosystem & Marketing","contact@oracle-optimism-v331.org","Web3 Launchpad Package ($1,400 - $4,500)","Fast-tracking Optimism Oracle Protocol 331's sub-second price feed security & TVL secured with guaranteed Tier-1 editorial coverage on Cointelegraph & Yahoo Finance."
"Avalanche Vault Protocol 332","Web3 Asset Management","https://vault-avalanche-v332.org","Ecosystem & Marketing","contact@vault-avalanche-v332.org","Web3 Launchpad Package ($1,400 - $4,500)","Fast-tracking Avalanche Vault Protocol 332's institutional treasury management & risk vaults with guaranteed Tier-1 editorial coverage on Cointelegraph & Yahoo Finance."
"Solana Lend Protocol 333","Web3 Lending & Borrowing","https://lend-solana-v333.org","Ecosystem & Marketing","contact@lend-solana-v333.org","Web3 Launchpad Package ($1,400 - $4,500)","Fast-tracking Solana Lend Protocol 333's collateral TVL & zero-liquidation yield markets with guaranteed Tier-1 editorial coverage on Cointelegraph & Yahoo Finance."
"TON Launch Protocol 334","Web3 Token Launchpad","https://launch-ton-v334.org","Ecosystem & Marketing","contact@launch-ton-v334.org","Web3 Launchpad Package ($1,400 - $4,500)","Fast-tracking TON Launch Protocol 334's fair-launch IDO mechanics & presale oversubscriptions with guaranteed Tier-1 editorial coverage on Cointelegraph & Yahoo Finance."
"Polygon Perp Protocol 335","Web3 Derivatives Exchange","https://perp-polygon-v335.org","Ecosystem & Marketing","contact@perp-polygon-v335.org","Web3 Launchpad Package ($1,400 - $4,500)","Fast-tracking Polygon Perp Protocol 335's onchain leverage trading volume & low fees with guaranteed Tier-1 editorial coverage on Cointelegraph & Yahoo Finance."
"Base Swap Protocol 336","Web3 DEX & AMM","https://swap-base-v336.org","Ecosystem & Marketing","contact@swap-base-v336.org","Web3 Launchpad Package ($1,400 - $4,500)","Fast-tracking Base Swap Protocol 336's token liquidity & trading volume milestones with guaranteed Tier-1 editorial coverage on Cointelegraph & Yahoo Finance."
"Sui Pay Protocol 337","Web3 Web3 Payments","https://pay-sui-v337.org","Ecosystem & Marketing","contact@pay-sui-v337.org","Web3 Launchpad Package ($1,400 - $4,500)","Fast-tracking Sui Pay Protocol 337's merchant crypto gateway adoption & fiat off-ramps with guaranteed Tier-1 editorial coverage on Cointelegraph & Yahoo Finance."
"BNB Chain Yield Protocol 338","Web3 Yield Aggregator","https://yield-bnbchain-v338.org","Ecosystem & Marketing","contact@yield-bnbchain-v338.org","Web3 Launchpad Package ($1,400 - $4,500)","Fast-tracking BNB Chain Yield Protocol 338's automated vault strategies & APY optimization with guaranteed Tier-1 editorial coverage on Cointelegraph & Yahoo Finance."
"Arbitrum Oracle Protocol 339","Web3 Data Infrastructure","https://oracle-arbitrum-v339.org","Ecosystem & Marketing","contact@oracle-arbitrum-v339.org","Web3 Launchpad Package ($1,400 - $4,500)","Fast-tracking Arbitrum Oracle Protocol 339's sub-second price feed security & TVL secured with guaranteed Tier-1 editorial coverage on Cointelegraph & Yahoo Finance."
"Ethereum Vault Protocol 340","Web3 Asset Management","https://vault-ethereum-v340.org","Ecosystem & Marketing","contact@vault-ethereum-v340.org","Web3 Launchpad Package ($1,400 - $4,500)","Fast-tracking Ethereum Vault Protocol 340's institutional treasury management & risk vaults with guaranteed Tier-1 editorial coverage on Cointelegraph & Yahoo Finance."
"Optimism Lend Protocol 341","Web3 Lending & Borrowing","https://lend-optimism-v341.org","Ecosystem & Marketing","contact@lend-optimism-v341.org","Web3 Launchpad Package ($1,400 - $4,500)","Fast-tracking Optimism Lend Protocol 341's collateral TVL & zero-liquidation yield markets with guaranteed Tier-1 editorial coverage on Cointelegraph & Yahoo Finance."
"Avalanche Launch Protocol 342","Web3 Token Launchpad","https://launch-avalanche-v342.org","Ecosystem & Marketing","contact@launch-avalanche-v342.org","Web3 Launchpad Package ($1,400 - $4,500)","Fast-tracking Avalanche Launch Protocol 342's fair-launch IDO mechanics & presale oversubscriptions with guaranteed Tier-1 editorial coverage on Cointelegraph & Yahoo Finance."
"Solana Perp Protocol 343","Web3 Derivatives Exchange","https://perp-solana-v343.org","Ecosystem & Marketing","contact@perp-solana-v343.org","Web3 Launchpad Package ($1,400 - $4,500)","Fast-tracking Solana Perp Protocol 343's onchain leverage trading volume & low fees with guaranteed Tier-1 editorial coverage on Cointelegraph & Yahoo Finance."
"TON Swap Protocol 344","Web3 DEX & AMM","https://swap-ton-v344.org","Ecosystem & Marketing","contact@swap-ton-v344.org","Web3 Launchpad Package ($1,400 - $4,500)","Fast-tracking TON Swap Protocol 344's token liquidity & trading volume milestones with guaranteed Tier-1 editorial coverage on Cointelegraph & Yahoo Finance."
"Polygon Pay Protocol 345","Web3 Web3 Payments","https://pay-polygon-v345.org","Ecosystem & Marketing","contact@pay-polygon-v345.org","Web3 Launchpad Package ($1,400 - $4,500)","Fast-tracking Polygon Pay Protocol 345's merchant crypto gateway adoption & fiat off-ramps with guaranteed Tier-1 editorial coverage on Cointelegraph & Yahoo Finance."
"Base Yield Protocol 346","Web3 Yield Aggregator","https://yield-base-v346.org","Ecosystem & Marketing","contact@yield-base-v346.org","Web3 Launchpad Package ($1,400 - $4,500)","Fast-tracking Base Yield Protocol 346's automated vault strategies & APY optimization with guaranteed Tier-1 editorial coverage on Cointelegraph & Yahoo Finance."
"Sui Oracle Protocol 347","Web3 Data Infrastructure","https://oracle-sui-v347.org","Ecosystem & Marketing","contact@oracle-sui-v347.org","Web3 Launchpad Package ($1,400 - $4,500)","Fast-tracking Sui Oracle Protocol 347's sub-second price feed security & TVL secured with guaranteed Tier-1 editorial coverage on Cointelegraph & Yahoo Finance."
"BNB Chain Vault Protocol 348","Web3 Asset Management","https://vault-bnbchain-v348.org","Ecosystem & Marketing","contact@vault-bnbchain-v348.org","Web3 Launchpad Package ($1,400 - $4,500)","Fast-tracking BNB Chain Vault Protocol 348's institutional treasury management & risk vaults with guaranteed Tier-1 editorial coverage on Cointelegraph & Yahoo Finance."
"Arbitrum Lend Protocol 349","Web3 Lending & Borrowing","https://lend-arbitrum-v349.org","Ecosystem & Marketing","contact@lend-arbitrum-v349.org","Web3 Launchpad Package ($1,400 - $4,500)","Fast-tracking Arbitrum Lend Protocol 349's collateral TVL & zero-liquidation yield markets with guaranteed Tier-1 editorial coverage on Cointelegraph & Yahoo Finance."
"Ethereum Launch Protocol 350","Web3 Token Launchpad","https://launch-ethereum-v350.org","Ecosystem & Marketing","contact@launch-ethereum-v350.org","Web3 Launchpad Package ($1,400 - $4,500)","Fast-tracking Ethereum Launch Protocol 350's fair-launch IDO mechanics & presale oversubscriptions with guaranteed Tier-1 editorial coverage on Cointelegraph & Yahoo Finance."
"Optimism Perp Protocol 351","Web3 Derivatives Exchange","https://perp-optimism-v351.org","Ecosystem & Marketing","contact@perp-optimism-v351.org","Web3 Launchpad Package ($1,400 - $4,500)","Fast-tracking Optimism Perp Protocol 351's onchain leverage trading volume & low fees with guaranteed Tier-1 editorial coverage on Cointelegraph & Yahoo Finance."
"Avalanche Swap Protocol 352","Web3 DEX & AMM","https://swap-avalanche-v352.org","Ecosystem & Marketing","contact@swap-avalanche-v352.org","Web3 Launchpad Package ($1,400 - $4,500)","Fast-tracking Avalanche Swap Protocol 352's token liquidity & trading volume milestones with guaranteed Tier-1 editorial coverage on Cointelegraph & Yahoo Finance."
"Solana Pay Protocol 353","Web3 Web3 Payments","https://pay-solana-v353.org","Ecosystem & Marketing","contact@pay-solana-v353.org","Web3 Launchpad Package ($1,400 - $4,500)","Fast-tracking Solana Pay Protocol 353's merchant crypto gateway adoption & fiat off-ramps with guaranteed Tier-1 editorial coverage on Cointelegraph & Yahoo Finance."
"TON Yield Protocol 354","Web3 Yield Aggregator","https://yield-ton-v354.org","Ecosystem & Marketing","contact@yield-ton-v354.org","Web3 Launchpad Package ($1,400 - $4,500)","Fast-tracking TON Yield Protocol 354's automated vault strategies & APY optimization with guaranteed Tier-1 editorial coverage on Cointelegraph & Yahoo Finance."
"Polygon Oracle Protocol 355","Web3 Data Infrastructure","https://oracle-polygon-v355.org","Ecosystem & Marketing","contact@oracle-polygon-v355.org","Web3 Launchpad Package ($1,400 - $4,500)","Fast-tracking Polygon Oracle Protocol 355's sub-second price feed security & TVL secured with guaranteed Tier-1 editorial coverage on Cointelegraph & Yahoo Finance."
"Base Vault Protocol 356","Web3 Asset Management","https://vault-base-v356.org","Ecosystem & Marketing","contact@vault-base-v356.org","Web3 Launchpad Package ($1,400 - $4,500)","Fast-tracking Base Vault Protocol 356's institutional treasury management & risk vaults with guaranteed Tier-1 editorial coverage on Cointelegraph & Yahoo Finance."
"Sui Lend Protocol 357","Web3 Lending & Borrowing","https://lend-sui-v357.org","Ecosystem & Marketing","contact@lend-sui-v357.org","Web3 Launchpad Package ($1,400 - $4,500)","Fast-tracking Sui Lend Protocol 357's collateral TVL & zero-liquidation yield markets with guaranteed Tier-1 editorial coverage on Cointelegraph & Yahoo Finance."
"BNB Chain Launch Protocol 358","Web3 Token Launchpad","https://launch-bnbchain-v358.org","Ecosystem & Marketing","contact@launch-bnbchain-v358.org","Web3 Launchpad Package ($1,400 - $4,500)","Fast-tracking BNB Chain Launch Protocol 358's fair-launch IDO mechanics & presale oversubscriptions with guaranteed Tier-1 editorial coverage on Cointelegraph & Yahoo Finance."
"Arbitrum Perp Protocol 359","Web3 Derivatives Exchange","https://perp-arbitrum-v359.org","Ecosystem & Marketing","contact@perp-arbitrum-v359.org","Web3 Launchpad Package ($1,400 - $4,500)","Fast-tracking Arbitrum Perp Protocol 359's onchain leverage trading volume & low fees with guaranteed Tier-1 editorial coverage on Cointelegraph & Yahoo Finance."
"Ethereum Swap Protocol 360","Web3 DEX & AMM","https://swap-ethereum-v360.org","Ecosystem & Marketing","contact@swap-ethereum-v360.org","Web3 Launchpad Package ($1,400 - $4,500)","Fast-tracking Ethereum Swap Protocol 360's token liquidity & trading volume milestones with guaranteed Tier-1 editorial coverage on Cointelegraph & Yahoo Finance."
"Optimism Pay Protocol 361","Web3 Web3 Payments","https://pay-optimism-v361.org","Ecosystem & Marketing","contact@pay-optimism-v361.org","Web3 Launchpad Package ($1,400 - $4,500)","Fast-tracking Optimism Pay Protocol 361's merchant crypto gateway adoption & fiat off-ramps with guaranteed Tier-1 editorial coverage on Cointelegraph & Yahoo Finance."
"Avalanche Yield Protocol 362","Web3 Yield Aggregator","https://yield-avalanche-v362.org","Ecosystem & Marketing","contact@yield-avalanche-v362.org","Web3 Launchpad Package ($1,400 - $4,500)","Fast-tracking Avalanche Yield Protocol 362's automated vault strategies & APY optimization with guaranteed Tier-1 editorial coverage on Cointelegraph & Yahoo Finance."
"Solana Oracle Protocol 363","Web3 Data Infrastructure","https://oracle-solana-v363.org","Ecosystem & Marketing","contact@oracle-solana-v363.org","Web3 Launchpad Package ($1,400 - $4,500)","Fast-tracking Solana Oracle Protocol 363's sub-second price feed security & TVL secured with guaranteed Tier-1 editorial coverage on Cointelegraph & Yahoo Finance."
"TON Vault Protocol 364","Web3 Asset Management","https://vault-ton-v364.org","Ecosystem & Marketing","contact@vault-ton-v364.org","Web3 Launchpad Package ($1,400 - $4,500)","Fast-tracking TON Vault Protocol 364's institutional treasury management & risk vaults with guaranteed Tier-1 editorial coverage on Cointelegraph & Yahoo Finance."
"Polygon Lend Protocol 365","Web3 Lending & Borrowing","https://lend-polygon-v365.org","Ecosystem & Marketing","contact@lend-polygon-v365.org","Web3 Launchpad Package ($1,400 - $4,500)","Fast-tracking Polygon Lend Protocol 365's collateral TVL & zero-liquidation yield markets with guaranteed Tier-1 editorial coverage on Cointelegraph & Yahoo Finance."
"Base Launch Protocol 366","Web3 Token Launchpad","https://launch-base-v366.org","Ecosystem & Marketing","contact@launch-base-v366.org","Web3 Launchpad Package ($1,400 - $4,500)","Fast-tracking Base Launch Protocol 366's fair-launch IDO mechanics & presale oversubscriptions with guaranteed Tier-1 editorial coverage on Cointelegraph & Yahoo Finance."
"Sui Perp Protocol 367","Web3 Derivatives Exchange","https://perp-sui-v367.org","Ecosystem & Marketing","contact@perp-sui-v367.org","Web3 Launchpad Package ($1,400 - $4,500)","Fast-tracking Sui Perp Protocol 367's onchain leverage trading volume & low fees with guaranteed Tier-1 editorial coverage on Cointelegraph & Yahoo Finance."
"BNB Chain Swap Protocol 368","Web3 DEX & AMM","https://swap-bnbchain-v368.org","Ecosystem & Marketing","contact@swap-bnbchain-v368.org","Web3 Launchpad Package ($1,400 - $4,500)","Fast-tracking BNB Chain Swap Protocol 368's token liquidity & trading volume milestones with guaranteed Tier-1 editorial coverage on Cointelegraph & Yahoo Finance."
"Arbitrum Pay Protocol 369","Web3 Web3 Payments","https://pay-arbitrum-v369.org","Ecosystem & Marketing","contact@pay-arbitrum-v369.org","Web3 Launchpad Package ($1,400 - $4,500)","Fast-tracking Arbitrum Pay Protocol 369's merchant crypto gateway adoption & fiat off-ramps with guaranteed Tier-1 editorial coverage on Cointelegraph & Yahoo Finance."
"Ethereum Yield Protocol 370","Web3 Yield Aggregator","https://yield-ethereum-v370.org","Ecosystem & Marketing","contact@yield-ethereum-v370.org","Web3 Launchpad Package ($1,400 - $4,500)","Fast-tracking Ethereum Yield Protocol 370's automated vault strategies & APY optimization with guaranteed Tier-1 editorial coverage on Cointelegraph & Yahoo Finance."
"Optimism Oracle Protocol 371","Web3 Data Infrastructure","https://oracle-optimism-v371.org","Ecosystem & Marketing","contact@oracle-optimism-v371.org","Web3 Launchpad Package ($1,400 - $4,500)","Fast-tracking Optimism Oracle Protocol 371's sub-second price feed security & TVL secured with guaranteed Tier-1 editorial coverage on Cointelegraph & Yahoo Finance."
"Avalanche Vault Protocol 372","Web3 Asset Management","https://vault-avalanche-v372.org","Ecosystem & Marketing","contact@vault-avalanche-v372.org","Web3 Launchpad Package ($1,400 - $4,500)","Fast-tracking Avalanche Vault Protocol 372's institutional treasury management & risk vaults with guaranteed Tier-1 editorial coverage on Cointelegraph & Yahoo Finance."
"Solana Lend Protocol 373","Web3 Lending & Borrowing","https://lend-solana-v373.org","Ecosystem & Marketing","contact@lend-solana-v373.org","Web3 Launchpad Package ($1,400 - $4,500)","Fast-tracking Solana Lend Protocol 373's collateral TVL & zero-liquidation yield markets with guaranteed Tier-1 editorial coverage on Cointelegraph & Yahoo Finance."
"TON Launch Protocol 374","Web3 Token Launchpad","https://launch-ton-v374.org","Ecosystem & Marketing","contact@launch-ton-v374.org","Web3 Launchpad Package ($1,400 - $4,500)","Fast-tracking TON Launch Protocol 374's fair-launch IDO mechanics & presale oversubscriptions with guaranteed Tier-1 editorial coverage on Cointelegraph & Yahoo Finance."
"Polygon Perp Protocol 375","Web3 Derivatives Exchange","https://perp-polygon-v375.org","Ecosystem & Marketing","contact@perp-polygon-v375.org","Web3 Launchpad Package ($1,400 - $4,500)","Fast-tracking Polygon Perp Protocol 375's onchain leverage trading volume & low fees with guaranteed Tier-1 editorial coverage on Cointelegraph & Yahoo Finance."
"Base Swap Protocol 376","Web3 DEX & AMM","https://swap-base-v376.org","Ecosystem & Marketing","contact@swap-base-v376.org","Web3 Launchpad Package ($1,400 - $4,500)","Fast-tracking Base Swap Protocol 376's token liquidity & trading volume milestones with guaranteed Tier-1 editorial coverage on Cointelegraph & Yahoo Finance."
"Sui Pay Protocol 377","Web3 Web3 Payments","https://pay-sui-v377.org","Ecosystem & Marketing","contact@pay-sui-v377.org","Web3 Launchpad Package ($1,400 - $4,500)","Fast-tracking Sui Pay Protocol 377's merchant crypto gateway adoption & fiat off-ramps with guaranteed Tier-1 editorial coverage on Cointelegraph & Yahoo Finance."
"BNB Chain Yield Protocol 378","Web3 Yield Aggregator","https://yield-bnbchain-v378.org","Ecosystem & Marketing","contact@yield-bnbchain-v378.org","Web3 Launchpad Package ($1,400 - $4,500)","Fast-tracking BNB Chain Yield Protocol 378's automated vault strategies & APY optimization with guaranteed Tier-1 editorial coverage on Cointelegraph & Yahoo Finance."
"Arbitrum Oracle Protocol 379","Web3 Data Infrastructure","https://oracle-arbitrum-v379.org","Ecosystem & Marketing","contact@oracle-arbitrum-v379.org","Web3 Launchpad Package ($1,400 - $4,500)","Fast-tracking Arbitrum Oracle Protocol 379's sub-second price feed security & TVL secured with guaranteed Tier-1 editorial coverage on Cointelegraph & Yahoo Finance."
"Ethereum Vault Protocol 380","Web3 Asset Management","https://vault-ethereum-v380.org","Ecosystem & Marketing","contact@vault-ethereum-v380.org","Web3 Launchpad Package ($1,400 - $4,500)","Fast-tracking Ethereum Vault Protocol 380's institutional treasury management & risk vaults with guaranteed Tier-1 editorial coverage on Cointelegraph & Yahoo Finance."
"Optimism Lend Protocol 381","Web3 Lending & Borrowing","https://lend-optimism-v381.org","Ecosystem & Marketing","contact@lend-optimism-v381.org","Web3 Launchpad Package ($1,400 - $4,500)","Fast-tracking Optimism Lend Protocol 381's collateral TVL & zero-liquidation yield markets with guaranteed Tier-1 editorial coverage on Cointelegraph & Yahoo Finance."
"Avalanche Launch Protocol 382","Web3 Token Launchpad","https://launch-avalanche-v382.org","Ecosystem & Marketing","contact@launch-avalanche-v382.org","Web3 Launchpad Package ($1,400 - $4,500)","Fast-tracking Avalanche Launch Protocol 382's fair-launch IDO mechanics & presale oversubscriptions with guaranteed Tier-1 editorial coverage on Cointelegraph & Yahoo Finance."
"Solana Perp Protocol 383","Web3 Derivatives Exchange","https://perp-solana-v383.org","Ecosystem & Marketing","contact@perp-solana-v383.org","Web3 Launchpad Package ($1,400 - $4,500)","Fast-tracking Solana Perp Protocol 383's onchain leverage trading volume & low fees with guaranteed Tier-1 editorial coverage on Cointelegraph & Yahoo Finance."
"TON Swap Protocol 384","Web3 DEX & AMM","https://swap-ton-v384.org","Ecosystem & Marketing","contact@swap-ton-v384.org","Web3 Launchpad Package ($1,400 - $4,500)","Fast-tracking TON Swap Protocol 384's token liquidity & trading volume milestones with guaranteed Tier-1 editorial coverage on Cointelegraph & Yahoo Finance."
"Polygon Pay Protocol 385","Web3 Web3 Payments","https://pay-polygon-v385.org","Ecosystem & Marketing","contact@pay-polygon-v385.org","Web3 Launchpad Package ($1,400 - $4,500)","Fast-tracking Polygon Pay Protocol 385's merchant crypto gateway adoption & fiat off-ramps with guaranteed Tier-1 editorial coverage on Cointelegraph & Yahoo Finance."
"Base Yield Protocol 386","Web3 Yield Aggregator","https://yield-base-v386.org","Ecosystem & Marketing","contact@yield-base-v386.org","Web3 Launchpad Package ($1,400 - $4,500)","Fast-tracking Base Yield Protocol 386's automated vault strategies & APY optimization with guaranteed Tier-1 editorial coverage on Cointelegraph & Yahoo Finance."
"Sui Oracle Protocol 387","Web3 Data Infrastructure","https://oracle-sui-v387.org","Ecosystem & Marketing","contact@oracle-sui-v387.org","Web3 Launchpad Package ($1,400 - $4,500)","Fast-tracking Sui Oracle Protocol 387's sub-second price feed security & TVL secured with guaranteed Tier-1 editorial coverage on Cointelegraph & Yahoo Finance."
"BNB Chain Vault Protocol 388","Web3 Asset Management","https://vault-bnbchain-v388.org","Ecosystem & Marketing","contact@vault-bnbchain-v388.org","Web3 Launchpad Package ($1,400 - $4,500)","Fast-tracking BNB Chain Vault Protocol 388's institutional treasury management & risk vaults with guaranteed Tier-1 editorial coverage on Cointelegraph & Yahoo Finance."
"Arbitrum Lend Protocol 389","Web3 Lending & Borrowing","https://lend-arbitrum-v389.org","Ecosystem & Marketing","contact@lend-arbitrum-v389.org","Web3 Launchpad Package ($1,400 - $4,500)","Fast-tracking Arbitrum Lend Protocol 389's collateral TVL & zero-liquidation yield markets with guaranteed Tier-1 editorial coverage on Cointelegraph & Yahoo Finance."
"Ethereum Launch Protocol 390","Web3 Token Launchpad","https://launch-ethereum-v390.org","Ecosystem & Marketing","contact@launch-ethereum-v390.org","Web3 Launchpad Package ($1,400 - $4,500)","Fast-tracking Ethereum Launch Protocol 390's fair-launch IDO mechanics & presale oversubscriptions with guaranteed Tier-1 editorial coverage on Cointelegraph & Yahoo Finance."
"Optimism Perp Protocol 391","Web3 Derivatives Exchange","https://perp-optimism-v391.org","Ecosystem & Marketing","contact@perp-optimism-v391.org","Web3 Launchpad Package ($1,400 - $4,500)","Fast-tracking Optimism Perp Protocol 391's onchain leverage trading volume & low fees with guaranteed Tier-1 editorial coverage on Cointelegraph & Yahoo Finance."
"Avalanche Swap Protocol 392","Web3 DEX & AMM","https://swap-avalanche-v392.org","Ecosystem & Marketing","contact@swap-avalanche-v392.org","Web3 Launchpad Package ($1,400 - $4,500)","Fast-tracking Avalanche Swap Protocol 392's token liquidity & trading volume milestones with guaranteed Tier-1 editorial coverage on Cointelegraph & Yahoo Finance."
"Solana Pay Protocol 393","Web3 Web3 Payments","https://pay-solana-v393.org","Ecosystem & Marketing","contact@pay-solana-v393.org","Web3 Launchpad Package ($1,400 - $4,500)","Fast-tracking Solana Pay Protocol 393's merchant crypto gateway adoption & fiat off-ramps with guaranteed Tier-1 editorial coverage on Cointelegraph & Yahoo Finance."
"TON Yield Protocol 394","Web3 Yield Aggregator","https://yield-ton-v394.org","Ecosystem & Marketing","contact@yield-ton-v394.org","Web3 Launchpad Package ($1,400 - $4,500)","Fast-tracking TON Yield Protocol 394's automated vault strategies & APY optimization with guaranteed Tier-1 editorial coverage on Cointelegraph & Yahoo Finance."
"Polygon Oracle Protocol 395","Web3 Data Infrastructure","https://oracle-polygon-v395.org","Ecosystem & Marketing","contact@oracle-polygon-v395.org","Web3 Launchpad Package ($1,400 - $4,500)","Fast-tracking Polygon Oracle Protocol 395's sub-second price feed security & TVL secured with guaranteed Tier-1 editorial coverage on Cointelegraph & Yahoo Finance."
"Base Vault Protocol 396","Web3 Asset Management","https://vault-base-v396.org","Ecosystem & Marketing","contact@vault-base-v396.org","Web3 Launchpad Package ($1,400 - $4,500)","Fast-tracking Base Vault Protocol 396's institutional treasury management & risk vaults with guaranteed Tier-1 editorial coverage on Cointelegraph & Yahoo Finance."
"Sui Lend Protocol 397","Web3 Lending & Borrowing","https://lend-sui-v397.org","Ecosystem & Marketing","contact@lend-sui-v397.org","Web3 Launchpad Package ($1,400 - $4,500)","Fast-tracking Sui Lend Protocol 397's collateral TVL & zero-liquidation yield markets with guaranteed Tier-1 editorial coverage on Cointelegraph & Yahoo Finance."
"BNB Chain Launch Protocol 398","Web3 Token Launchpad","https://launch-bnbchain-v398.org","Ecosystem & Marketing","contact@launch-bnbchain-v398.org","Web3 Launchpad Package ($1,400 - $4,500)","Fast-tracking BNB Chain Launch Protocol 398's fair-launch IDO mechanics & presale oversubscriptions with guaranteed Tier-1 editorial coverage on Cointelegraph & Yahoo Finance."
"Arbitrum Perp Protocol 399","Web3 Derivatives Exchange","https://perp-arbitrum-v399.org","Ecosystem & Marketing","contact@perp-arbitrum-v399.org","Web3 Launchpad Package ($1,400 - $4,500)","Fast-tracking Arbitrum Perp Protocol 399's onchain leverage trading volume & low fees with guaranteed Tier-1 editorial coverage on Cointelegraph & Yahoo Finance."
"Ethereum Swap Protocol 400","Web3 DEX & AMM","https://swap-ethereum-v400.org","Ecosystem & Marketing","contact@swap-ethereum-v400.org","Web3 Launchpad Package ($1,400 - $4,500)","Fast-tracking Ethereum Swap Protocol 400's token liquidity & trading volume milestones with guaranteed Tier-1 editorial coverage on Cointelegraph & Yahoo Finance."
"Optimism Pay Protocol 401","Web3 Web3 Payments","https://pay-optimism-v401.org","Ecosystem & Marketing","contact@pay-optimism-v401.org","Web3 Launchpad Package ($1,400 - $4,500)","Fast-tracking Optimism Pay Protocol 401's merchant crypto gateway adoption & fiat off-ramps with guaranteed Tier-1 editorial coverage on Cointelegraph & Yahoo Finance."
"Avalanche Yield Protocol 402","Web3 Yield Aggregator","https://yield-avalanche-v402.org","Ecosystem & Marketing","contact@yield-avalanche-v402.org","Web3 Launchpad Package ($1,400 - $4,500)","Fast-tracking Avalanche Yield Protocol 402's automated vault strategies & APY optimization with guaranteed Tier-1 editorial coverage on Cointelegraph & Yahoo Finance."
"Solana Oracle Protocol 403","Web3 Data Infrastructure","https://oracle-solana-v403.org","Ecosystem & Marketing","contact@oracle-solana-v403.org","Web3 Launchpad Package ($1,400 - $4,500)","Fast-tracking Solana Oracle Protocol 403's sub-second price feed security & TVL secured with guaranteed Tier-1 editorial coverage on Cointelegraph & Yahoo Finance."
"TON Vault Protocol 404","Web3 Asset Management","https://vault-ton-v404.org","Ecosystem & Marketing","contact@vault-ton-v404.org","Web3 Launchpad Package ($1,400 - $4,500)","Fast-tracking TON Vault Protocol 404's institutional treasury management & risk vaults with guaranteed Tier-1 editorial coverage on Cointelegraph & Yahoo Finance."
"Polygon Lend Protocol 405","Web3 Lending & Borrowing","https://lend-polygon-v405.org","Ecosystem & Marketing","contact@lend-polygon-v405.org","Web3 Launchpad Package ($1,400 - $4,500)","Fast-tracking Polygon Lend Protocol 405's collateral TVL & zero-liquidation yield markets with guaranteed Tier-1 editorial coverage on Cointelegraph & Yahoo Finance."
"Base Launch Protocol 406","Web3 Token Launchpad","https://launch-base-v406.org","Ecosystem & Marketing","contact@launch-base-v406.org","Web3 Launchpad Package ($1,400 - $4,500)","Fast-tracking Base Launch Protocol 406's fair-launch IDO mechanics & presale oversubscriptions with guaranteed Tier-1 editorial coverage on Cointelegraph & Yahoo Finance."
"Sui Perp Protocol 407","Web3 Derivatives Exchange","https://perp-sui-v407.org","Ecosystem & Marketing","contact@perp-sui-v407.org","Web3 Launchpad Package ($1,400 - $4,500)","Fast-tracking Sui Perp Protocol 407's onchain leverage trading volume & low fees with guaranteed Tier-1 editorial coverage on Cointelegraph & Yahoo Finance."
"BNB Chain Swap Protocol 408","Web3 DEX & AMM","https://swap-bnbchain-v408.org","Ecosystem & Marketing","contact@swap-bnbchain-v408.org","Web3 Launchpad Package ($1,400 - $4,500)","Fast-tracking BNB Chain Swap Protocol 408's token liquidity & trading volume milestones with guaranteed Tier-1 editorial coverage on Cointelegraph & Yahoo Finance."
"Arbitrum Pay Protocol 409","Web3 Web3 Payments","https://pay-arbitrum-v409.org","Ecosystem & Marketing","contact@pay-arbitrum-v409.org","Web3 Launchpad Package ($1,400 - $4,500)","Fast-tracking Arbitrum Pay Protocol 409's merchant crypto gateway adoption & fiat off-ramps with guaranteed Tier-1 editorial coverage on Cointelegraph & Yahoo Finance."
"Ethereum Yield Protocol 410","Web3 Yield Aggregator","https://yield-ethereum-v410.org","Ecosystem & Marketing","contact@yield-ethereum-v410.org","Web3 Launchpad Package ($1,400 - $4,500)","Fast-tracking Ethereum Yield Protocol 410's automated vault strategies & APY optimization with guaranteed Tier-1 editorial coverage on Cointelegraph & Yahoo Finance."
"Optimism Oracle Protocol 411","Web3 Data Infrastructure","https://oracle-optimism-v411.org","Ecosystem & Marketing","contact@oracle-optimism-v411.org","Web3 Launchpad Package ($1,400 - $4,500)","Fast-tracking Optimism Oracle Protocol 411's sub-second price feed security & TVL secured with guaranteed Tier-1 editorial coverage on Cointelegraph & Yahoo Finance."
"Avalanche Vault Protocol 412","Web3 Asset Management","https://vault-avalanche-v412.org","Ecosystem & Marketing","contact@vault-avalanche-v412.org","Web3 Launchpad Package ($1,400 - $4,500)","Fast-tracking Avalanche Vault Protocol 412's institutional treasury management & risk vaults with guaranteed Tier-1 editorial coverage on Cointelegraph & Yahoo Finance."
"Solana Lend Protocol 413","Web3 Lending & Borrowing","https://lend-solana-v413.org","Ecosystem & Marketing","contact@lend-solana-v413.org","Web3 Launchpad Package ($1,400 - $4,500)","Fast-tracking Solana Lend Protocol 413's collateral TVL & zero-liquidation yield markets with guaranteed Tier-1 editorial coverage on Cointelegraph & Yahoo Finance."
"TON Launch Protocol 414","Web3 Token Launchpad","https://launch-ton-v414.org","Ecosystem & Marketing","contact@launch-ton-v414.org","Web3 Launchpad Package ($1,400 - $4,500)","Fast-tracking TON Launch Protocol 414's fair-launch IDO mechanics & presale oversubscriptions with guaranteed Tier-1 editorial coverage on Cointelegraph & Yahoo Finance."
"Polygon Perp Protocol 415","Web3 Derivatives Exchange","https://perp-polygon-v415.org","Ecosystem & Marketing","contact@perp-polygon-v415.org","Web3 Launchpad Package ($1,400 - $4,500)","Fast-tracking Polygon Perp Protocol 415's onchain leverage trading volume & low fees with guaranteed Tier-1 editorial coverage on Cointelegraph & Yahoo Finance."
"Base Swap Protocol 416","Web3 DEX & AMM","https://swap-base-v416.org","Ecosystem & Marketing","contact@swap-base-v416.org","Web3 Launchpad Package ($1,400 - $4,500)","Fast-tracking Base Swap Protocol 416's token liquidity & trading volume milestones with guaranteed Tier-1 editorial coverage on Cointelegraph & Yahoo Finance."
"Sui Pay Protocol 417","Web3 Web3 Payments","https://pay-sui-v417.org","Ecosystem & Marketing","contact@pay-sui-v417.org","Web3 Launchpad Package ($1,400 - $4,500)","Fast-tracking Sui Pay Protocol 417's merchant crypto gateway adoption & fiat off-ramps with guaranteed Tier-1 editorial coverage on Cointelegraph & Yahoo Finance."
"BNB Chain Yield Protocol 418","Web3 Yield Aggregator","https://yield-bnbchain-v418.org","Ecosystem & Marketing","contact@yield-bnbchain-v418.org","Web3 Launchpad Package ($1,400 - $4,500)","Fast-tracking BNB Chain Yield Protocol 418's automated vault strategies & APY optimization with guaranteed Tier-1 editorial coverage on Cointelegraph & Yahoo Finance."
"Arbitrum Oracle Protocol 419","Web3 Data Infrastructure","https://oracle-arbitrum-v419.org","Ecosystem & Marketing","contact@oracle-arbitrum-v419.org","Web3 Launchpad Package ($1,400 - $4,500)","Fast-tracking Arbitrum Oracle Protocol 419's sub-second price feed security & TVL secured with guaranteed Tier-1 editorial coverage on Cointelegraph & Yahoo Finance."
"Ethereum Vault Protocol 420","Web3 Asset Management","https://vault-ethereum-v420.org","Ecosystem & Marketing","contact@vault-ethereum-v420.org","Web3 Launchpad Package ($1,400 - $4,500)","Fast-tracking Ethereum Vault Protocol 420's institutional treasury management & risk vaults with guaranteed Tier-1 editorial coverage on Cointelegraph & Yahoo Finance."
"Optimism Lend Protocol 421","Web3 Lending & Borrowing","https://lend-optimism-v421.org","Ecosystem & Marketing","contact@lend-optimism-v421.org","Web3 Launchpad Package ($1,400 - $4,500)","Fast-tracking Optimism Lend Protocol 421's collateral TVL & zero-liquidation yield markets with guaranteed Tier-1 editorial coverage on Cointelegraph & Yahoo Finance."
"Avalanche Launch Protocol 422","Web3 Token Launchpad","https://launch-avalanche-v422.org","Ecosystem & Marketing","contact@launch-avalanche-v422.org","Web3 Launchpad Package ($1,400 - $4,500)","Fast-tracking Avalanche Launch Protocol 422's fair-launch IDO mechanics & presale oversubscriptions with guaranteed Tier-1 editorial coverage on Cointelegraph & Yahoo Finance."
"Solana Perp Protocol 423","Web3 Derivatives Exchange","https://perp-solana-v423.org","Ecosystem & Marketing","contact@perp-solana-v423.org","Web3 Launchpad Package ($1,400 - $4,500)","Fast-tracking Solana Perp Protocol 423's onchain leverage trading volume & low fees with guaranteed Tier-1 editorial coverage on Cointelegraph & Yahoo Finance."
"TON Swap Protocol 424","Web3 DEX & AMM","https://swap-ton-v424.org","Ecosystem & Marketing","contact@swap-ton-v424.org","Web3 Launchpad Package ($1,400 - $4,500)","Fast-tracking TON Swap Protocol 424's token liquidity & trading volume milestones with guaranteed Tier-1 editorial coverage on Cointelegraph & Yahoo Finance."
"Polygon Pay Protocol 425","Web3 Web3 Payments","https://pay-polygon-v425.org","Ecosystem & Marketing","contact@pay-polygon-v425.org","Web3 Launchpad Package ($1,400 - $4,500)","Fast-tracking Polygon Pay Protocol 425's merchant crypto gateway adoption & fiat off-ramps with guaranteed Tier-1 editorial coverage on Cointelegraph & Yahoo Finance."
"Base Yield Protocol 426","Web3 Yield Aggregator","https://yield-base-v426.org","Ecosystem & Marketing","contact@yield-base-v426.org","Web3 Launchpad Package ($1,400 - $4,500)","Fast-tracking Base Yield Protocol 426's automated vault strategies & APY optimization with guaranteed Tier-1 editorial coverage on Cointelegraph & Yahoo Finance."
"Sui Oracle Protocol 427","Web3 Data Infrastructure","https://oracle-sui-v427.org","Ecosystem & Marketing","contact@oracle-sui-v427.org","Web3 Launchpad Package ($1,400 - $4,500)","Fast-tracking Sui Oracle Protocol 427's sub-second price feed security & TVL secured with guaranteed Tier-1 editorial coverage on Cointelegraph & Yahoo Finance."
"BNB Chain Vault Protocol 428","Web3 Asset Management","https://vault-bnbchain-v428.org","Ecosystem & Marketing","contact@vault-bnbchain-v428.org","Web3 Launchpad Package ($1,400 - $4,500)","Fast-tracking BNB Chain Vault Protocol 428's institutional treasury management & risk vaults with guaranteed Tier-1 editorial coverage on Cointelegraph & Yahoo Finance."
"Arbitrum Lend Protocol 429","Web3 Lending & Borrowing","https://lend-arbitrum-v429.org","Ecosystem & Marketing","contact@lend-arbitrum-v429.org","Web3 Launchpad Package ($1,400 - $4,500)","Fast-tracking Arbitrum Lend Protocol 429's collateral TVL & zero-liquidation yield markets with guaranteed Tier-1 editorial coverage on Cointelegraph & Yahoo Finance."
"Ethereum Launch Protocol 430","Web3 Token Launchpad","https://launch-ethereum-v430.org","Ecosystem & Marketing","contact@launch-ethereum-v430.org","Web3 Launchpad Package ($1,400 - $4,500)","Fast-tracking Ethereum Launch Protocol 430's fair-launch IDO mechanics & presale oversubscriptions with guaranteed Tier-1 editorial coverage on Cointelegraph & Yahoo Finance."
"Optimism Perp Protocol 431","Web3 Derivatives Exchange","https://perp-optimism-v431.org","Ecosystem & Marketing","contact@perp-optimism-v431.org","Web3 Launchpad Package ($1,400 - $4,500)","Fast-tracking Optimism Perp Protocol 431's onchain leverage trading volume & low fees with guaranteed Tier-1 editorial coverage on Cointelegraph & Yahoo Finance."
"Avalanche Swap Protocol 432","Web3 DEX & AMM","https://swap-avalanche-v432.org","Ecosystem & Marketing","contact@swap-avalanche-v432.org","Web3 Launchpad Package ($1,400 - $4,500)","Fast-tracking Avalanche Swap Protocol 432's token liquidity & trading volume milestones with guaranteed Tier-1 editorial coverage on Cointelegraph & Yahoo Finance."
"Solana Pay Protocol 433","Web3 Web3 Payments","https://pay-solana-v433.org","Ecosystem & Marketing","contact@pay-solana-v433.org","Web3 Launchpad Package ($1,400 - $4,500)","Fast-tracking Solana Pay Protocol 433's merchant crypto gateway adoption & fiat off-ramps with guaranteed Tier-1 editorial coverage on Cointelegraph & Yahoo Finance."
"TON Yield Protocol 434","Web3 Yield Aggregator","https://yield-ton-v434.org","Ecosystem & Marketing","contact@yield-ton-v434.org","Web3 Launchpad Package ($1,400 - $4,500)","Fast-tracking TON Yield Protocol 434's automated vault strategies & APY optimization with guaranteed Tier-1 editorial coverage on Cointelegraph & Yahoo Finance."
"Polygon Oracle Protocol 435","Web3 Data Infrastructure","https://oracle-polygon-v435.org","Ecosystem & Marketing","contact@oracle-polygon-v435.org","Web3 Launchpad Package ($1,400 - $4,500)","Fast-tracking Polygon Oracle Protocol 435's sub-second price feed security & TVL secured with guaranteed Tier-1 editorial coverage on Cointelegraph & Yahoo Finance."
"Base Vault Protocol 436","Web3 Asset Management","https://vault-base-v436.org","Ecosystem & Marketing","contact@vault-base-v436.org","Web3 Launchpad Package ($1,400 - $4,500)","Fast-tracking Base Vault Protocol 436's institutional treasury management & risk vaults with guaranteed Tier-1 editorial coverage on Cointelegraph & Yahoo Finance."
"Sui Lend Protocol 437","Web3 Lending & Borrowing","https://lend-sui-v437.org","Ecosystem & Marketing","contact@lend-sui-v437.org","Web3 Launchpad Package ($1,400 - $4,500)","Fast-tracking Sui Lend Protocol 437's collateral TVL & zero-liquidation yield markets with guaranteed Tier-1 editorial coverage on Cointelegraph & Yahoo Finance."
"BNB Chain Launch Protocol 438","Web3 Token Launchpad","https://launch-bnbchain-v438.org","Ecosystem & Marketing","contact@launch-bnbchain-v438.org","Web3 Launchpad Package ($1,400 - $4,500)","Fast-tracking BNB Chain Launch Protocol 438's fair-launch IDO mechanics & presale oversubscriptions with guaranteed Tier-1 editorial coverage on Cointelegraph & Yahoo Finance."
"Arbitrum Perp Protocol 439","Web3 Derivatives Exchange","https://perp-arbitrum-v439.org","Ecosystem & Marketing","contact@perp-arbitrum-v439.org","Web3 Launchpad Package ($1,400 - $4,500)","Fast-tracking Arbitrum Perp Protocol 439's onchain leverage trading volume & low fees with guaranteed Tier-1 editorial coverage on Cointelegraph & Yahoo Finance."
"Ethereum Swap Protocol 440","Web3 DEX & AMM","https://swap-ethereum-v440.org","Ecosystem & Marketing","contact@swap-ethereum-v440.org","Web3 Launchpad Package ($1,400 - $4,500)","Fast-tracking Ethereum Swap Protocol 440's token liquidity & trading volume milestones with guaranteed Tier-1 editorial coverage on Cointelegraph & Yahoo Finance."
"Optimism Pay Protocol 441","Web3 Web3 Payments","https://pay-optimism-v441.org","Ecosystem & Marketing","contact@pay-optimism-v441.org","Web3 Launchpad Package ($1,400 - $4,500)","Fast-tracking Optimism Pay Protocol 441's merchant crypto gateway adoption & fiat off-ramps with guaranteed Tier-1 editorial coverage on Cointelegraph & Yahoo Finance."
"Avalanche Yield Protocol 442","Web3 Yield Aggregator","https://yield-avalanche-v442.org","Ecosystem & Marketing","contact@yield-avalanche-v442.org","Web3 Launchpad Package ($1,400 - $4,500)","Fast-tracking Avalanche Yield Protocol 442's automated vault strategies & APY optimization with guaranteed Tier-1 editorial coverage on Cointelegraph & Yahoo Finance."
"Solana Oracle Protocol 443","Web3 Data Infrastructure","https://oracle-solana-v443.org","Ecosystem & Marketing","contact@oracle-solana-v443.org","Web3 Launchpad Package ($1,400 - $4,500)","Fast-tracking Solana Oracle Protocol 443's sub-second price feed security & TVL secured with guaranteed Tier-1 editorial coverage on Cointelegraph & Yahoo Finance."
"TON Vault Protocol 444","Web3 Asset Management","https://vault-ton-v444.org","Ecosystem & Marketing","contact@vault-ton-v444.org","Web3 Launchpad Package ($1,400 - $4,500)","Fast-tracking TON Vault Protocol 444's institutional treasury management & risk vaults with guaranteed Tier-1 editorial coverage on Cointelegraph & Yahoo Finance."
"Polygon Lend Protocol 445","Web3 Lending & Borrowing","https://lend-polygon-v445.org","Ecosystem & Marketing","contact@lend-polygon-v445.org","Web3 Launchpad Package ($1,400 - $4,500)","Fast-tracking Polygon Lend Protocol 445's collateral TVL & zero-liquidation yield markets with guaranteed Tier-1 editorial coverage on Cointelegraph & Yahoo Finance."
"Base Launch Protocol 446","Web3 Token Launchpad","https://launch-base-v446.org","Ecosystem & Marketing","contact@launch-base-v446.org","Web3 Launchpad Package ($1,400 - $4,500)","Fast-tracking Base Launch Protocol 446's fair-launch IDO mechanics & presale oversubscriptions with guaranteed Tier-1 editorial coverage on Cointelegraph & Yahoo Finance."
"Sui Perp Protocol 447","Web3 Derivatives Exchange","https://perp-sui-v447.org","Ecosystem & Marketing","contact@perp-sui-v447.org","Web3 Launchpad Package ($1,400 - $4,500)","Fast-tracking Sui Perp Protocol 447's onchain leverage trading volume & low fees with guaranteed Tier-1 editorial coverage on Cointelegraph & Yahoo Finance."
"BNB Chain Swap Protocol 448","Web3 DEX & AMM","https://swap-bnbchain-v448.org","Ecosystem & Marketing","contact@swap-bnbchain-v448.org","Web3 Launchpad Package ($1,400 - $4,500)","Fast-tracking BNB Chain Swap Protocol 448's token liquidity & trading volume milestones with guaranteed Tier-1 editorial coverage on Cointelegraph & Yahoo Finance."
"Arbitrum Pay Protocol 449","Web3 Web3 Payments","https://pay-arbitrum-v449.org","Ecosystem & Marketing","contact@pay-arbitrum-v449.org","Web3 Launchpad Package ($1,400 - $4,500)","Fast-tracking Arbitrum Pay Protocol 449's merchant crypto gateway adoption & fiat off-ramps with guaranteed Tier-1 editorial coverage on Cointelegraph & Yahoo Finance."
"Ethereum Yield Protocol 450","Web3 Yield Aggregator","https://yield-ethereum-v450.org","Ecosystem & Marketing","contact@yield-ethereum-v450.org","Web3 Launchpad Package ($1,400 - $4,500)","Fast-tracking Ethereum Yield Protocol 450's automated vault strategies & APY optimization with guaranteed Tier-1 editorial coverage on Cointelegraph & Yahoo Finance."
"Optimism Oracle Protocol 451","Web3 Data Infrastructure","https://oracle-optimism-v451.org","Ecosystem & Marketing","contact@oracle-optimism-v451.org","Web3 Launchpad Package ($1,400 - $4,500)","Fast-tracking Optimism Oracle Protocol 451's sub-second price feed security & TVL secured with guaranteed Tier-1 editorial coverage on Cointelegraph & Yahoo Finance."
"Avalanche Vault Protocol 452","Web3 Asset Management","https://vault-avalanche-v452.org","Ecosystem & Marketing","contact@vault-avalanche-v452.org","Web3 Launchpad Package ($1,400 - $4,500)","Fast-tracking Avalanche Vault Protocol 452's institutional treasury management & risk vaults with guaranteed Tier-1 editorial coverage on Cointelegraph & Yahoo Finance."
"Solana Lend Protocol 453","Web3 Lending & Borrowing","https://lend-solana-v453.org","Ecosystem & Marketing","contact@lend-solana-v453.org","Web3 Launchpad Package ($1,400 - $4,500)","Fast-tracking Solana Lend Protocol 453's collateral TVL & zero-liquidation yield markets with guaranteed Tier-1 editorial coverage on Cointelegraph & Yahoo Finance."
"TON Launch Protocol 454","Web3 Token Launchpad","https://launch-ton-v454.org","Ecosystem & Marketing","contact@launch-ton-v454.org","Web3 Launchpad Package ($1,400 - $4,500)","Fast-tracking TON Launch Protocol 454's fair-launch IDO mechanics & presale oversubscriptions with guaranteed Tier-1 editorial coverage on Cointelegraph & Yahoo Finance."
"Polygon Perp Protocol 455","Web3 Derivatives Exchange","https://perp-polygon-v455.org","Ecosystem & Marketing","contact@perp-polygon-v455.org","Web3 Launchpad Package ($1,400 - $4,500)","Fast-tracking Polygon Perp Protocol 455's onchain leverage trading volume & low fees with guaranteed Tier-1 editorial coverage on Cointelegraph & Yahoo Finance."
"Base Swap Protocol 456","Web3 DEX & AMM","https://swap-base-v456.org","Ecosystem & Marketing","contact@swap-base-v456.org","Web3 Launchpad Package ($1,400 - $4,500)","Fast-tracking Base Swap Protocol 456's token liquidity & trading volume milestones with guaranteed Tier-1 editorial coverage on Cointelegraph & Yahoo Finance."
"Sui Pay Protocol 457","Web3 Web3 Payments","https://pay-sui-v457.org","Ecosystem & Marketing","contact@pay-sui-v457.org","Web3 Launchpad Package ($1,400 - $4,500)","Fast-tracking Sui Pay Protocol 457's merchant crypto gateway adoption & fiat off-ramps with guaranteed Tier-1 editorial coverage on Cointelegraph & Yahoo Finance."
"BNB Chain Yield Protocol 458","Web3 Yield Aggregator","https://yield-bnbchain-v458.org","Ecosystem & Marketing","contact@yield-bnbchain-v458.org","Web3 Launchpad Package ($1,400 - $4,500)","Fast-tracking BNB Chain Yield Protocol 458's automated vault strategies & APY optimization with guaranteed Tier-1 editorial coverage on Cointelegraph & Yahoo Finance."
"Arbitrum Oracle Protocol 459","Web3 Data Infrastructure","https://oracle-arbitrum-v459.org","Ecosystem & Marketing","contact@oracle-arbitrum-v459.org","Web3 Launchpad Package ($1,400 - $4,500)","Fast-tracking Arbitrum Oracle Protocol 459's sub-second price feed security & TVL secured with guaranteed Tier-1 editorial coverage on Cointelegraph & Yahoo Finance."
"Ethereum Vault Protocol 460","Web3 Asset Management","https://vault-ethereum-v460.org","Ecosystem & Marketing","contact@vault-ethereum-v460.org","Web3 Launchpad Package ($1,400 - $4,500)","Fast-tracking Ethereum Vault Protocol 460's institutional treasury management & risk vaults with guaranteed Tier-1 editorial coverage on Cointelegraph & Yahoo Finance."
"Optimism Lend Protocol 461","Web3 Lending & Borrowing","https://lend-optimism-v461.org","Ecosystem & Marketing","contact@lend-optimism-v461.org","Web3 Launchpad Package ($1,400 - $4,500)","Fast-tracking Optimism Lend Protocol 461's collateral TVL & zero-liquidation yield markets with guaranteed Tier-1 editorial coverage on Cointelegraph & Yahoo Finance."
"Avalanche Launch Protocol 462","Web3 Token Launchpad","https://launch-avalanche-v462.org","Ecosystem & Marketing","contact@launch-avalanche-v462.org","Web3 Launchpad Package ($1,400 - $4,500)","Fast-tracking Avalanche Launch Protocol 462's fair-launch IDO mechanics & presale oversubscriptions with guaranteed Tier-1 editorial coverage on Cointelegraph & Yahoo Finance."
"Solana Perp Protocol 463","Web3 Derivatives Exchange","https://perp-solana-v463.org","Ecosystem & Marketing","contact@perp-solana-v463.org","Web3 Launchpad Package ($1,400 - $4,500)","Fast-tracking Solana Perp Protocol 463's onchain leverage trading volume & low fees with guaranteed Tier-1 editorial coverage on Cointelegraph & Yahoo Finance."
"TON Swap Protocol 464","Web3 DEX & AMM","https://swap-ton-v464.org","Ecosystem & Marketing","contact@swap-ton-v464.org","Web3 Launchpad Package ($1,400 - $4,500)","Fast-tracking TON Swap Protocol 464's token liquidity & trading volume milestones with guaranteed Tier-1 editorial coverage on Cointelegraph & Yahoo Finance."
"Polygon Pay Protocol 465","Web3 Web3 Payments","https://pay-polygon-v465.org","Ecosystem & Marketing","contact@pay-polygon-v465.org","Web3 Launchpad Package ($1,400 - $4,500)","Fast-tracking Polygon Pay Protocol 465's merchant crypto gateway adoption & fiat off-ramps with guaranteed Tier-1 editorial coverage on Cointelegraph & Yahoo Finance."
"Base Yield Protocol 466","Web3 Yield Aggregator","https://yield-base-v466.org","Ecosystem & Marketing","contact@yield-base-v466.org","Web3 Launchpad Package ($1,400 - $4,500)","Fast-tracking Base Yield Protocol 466's automated vault strategies & APY optimization with guaranteed Tier-1 editorial coverage on Cointelegraph & Yahoo Finance."
"Sui Oracle Protocol 467","Web3 Data Infrastructure","https://oracle-sui-v467.org","Ecosystem & Marketing","contact@oracle-sui-v467.org","Web3 Launchpad Package ($1,400 - $4,500)","Fast-tracking Sui Oracle Protocol 467's sub-second price feed security & TVL secured with guaranteed Tier-1 editorial coverage on Cointelegraph & Yahoo Finance."
"BNB Chain Vault Protocol 468","Web3 Asset Management","https://vault-bnbchain-v468.org","Ecosystem & Marketing","contact@vault-bnbchain-v468.org","Web3 Launchpad Package ($1,400 - $4,500)","Fast-tracking BNB Chain Vault Protocol 468's institutional treasury management & risk vaults with guaranteed Tier-1 editorial coverage on Cointelegraph & Yahoo Finance."
"Arbitrum Lend Protocol 469","Web3 Lending & Borrowing","https://lend-arbitrum-v469.org","Ecosystem & Marketing","contact@lend-arbitrum-v469.org","Web3 Launchpad Package ($1,400 - $4,500)","Fast-tracking Arbitrum Lend Protocol 469's collateral TVL & zero-liquidation yield markets with guaranteed Tier-1 editorial coverage on Cointelegraph & Yahoo Finance."
"Ethereum Launch Protocol 470","Web3 Token Launchpad","https://launch-ethereum-v470.org","Ecosystem & Marketing","contact@launch-ethereum-v470.org","Web3 Launchpad Package ($1,400 - $4,500)","Fast-tracking Ethereum Launch Protocol 470's fair-launch IDO mechanics & presale oversubscriptions with guaranteed Tier-1 editorial coverage on Cointelegraph & Yahoo Finance."
"Optimism Perp Protocol 471","Web3 Derivatives Exchange","https://perp-optimism-v471.org","Ecosystem & Marketing","contact@perp-optimism-v471.org","Web3 Launchpad Package ($1,400 - $4,500)","Fast-tracking Optimism Perp Protocol 471's onchain leverage trading volume & low fees with guaranteed Tier-1 editorial coverage on Cointelegraph & Yahoo Finance."
"Avalanche Swap Protocol 472","Web3 DEX & AMM","https://swap-avalanche-v472.org","Ecosystem & Marketing","contact@swap-avalanche-v472.org","Web3 Launchpad Package ($1,400 - $4,500)","Fast-tracking Avalanche Swap Protocol 472's token liquidity & trading volume milestones with guaranteed Tier-1 editorial coverage on Cointelegraph & Yahoo Finance."
"Solana Pay Protocol 473","Web3 Web3 Payments","https://pay-solana-v473.org","Ecosystem & Marketing","contact@pay-solana-v473.org","Web3 Launchpad Package ($1,400 - $4,500)","Fast-tracking Solana Pay Protocol 473's merchant crypto gateway adoption & fiat off-ramps with guaranteed Tier-1 editorial coverage on Cointelegraph & Yahoo Finance."
"TON Yield Protocol 474","Web3 Yield Aggregator","https://yield-ton-v474.org","Ecosystem & Marketing","contact@yield-ton-v474.org","Web3 Launchpad Package ($1,400 - $4,500)","Fast-tracking TON Yield Protocol 474's automated vault strategies & APY optimization with guaranteed Tier-1 editorial coverage on Cointelegraph & Yahoo Finance."
"Polygon Oracle Protocol 475","Web3 Data Infrastructure","https://oracle-polygon-v475.org","Ecosystem & Marketing","contact@oracle-polygon-v475.org","Web3 Launchpad Package ($1,400 - $4,500)","Fast-tracking Polygon Oracle Protocol 475's sub-second price feed security & TVL secured with guaranteed Tier-1 editorial coverage on Cointelegraph & Yahoo Finance."
"Base Vault Protocol 476","Web3 Asset Management","https://vault-base-v476.org","Ecosystem & Marketing","contact@vault-base-v476.org","Web3 Launchpad Package ($1,400 - $4,500)","Fast-tracking Base Vault Protocol 476's institutional treasury management & risk vaults with guaranteed Tier-1 editorial coverage on Cointelegraph & Yahoo Finance."
"Sui Lend Protocol 477","Web3 Lending & Borrowing","https://lend-sui-v477.org","Ecosystem & Marketing","contact@lend-sui-v477.org","Web3 Launchpad Package ($1,400 - $4,500)","Fast-tracking Sui Lend Protocol 477's collateral TVL & zero-liquidation yield markets with guaranteed Tier-1 editorial coverage on Cointelegraph & Yahoo Finance."
"BNB Chain Launch Protocol 478","Web3 Token Launchpad","https://launch-bnbchain-v478.org","Ecosystem & Marketing","contact@launch-bnbchain-v478.org","Web3 Launchpad Package ($1,400 - $4,500)","Fast-tracking BNB Chain Launch Protocol 478's fair-launch IDO mechanics & presale oversubscriptions with guaranteed Tier-1 editorial coverage on Cointelegraph & Yahoo Finance."
"Arbitrum Perp Protocol 479","Web3 Derivatives Exchange","https://perp-arbitrum-v479.org","Ecosystem & Marketing","contact@perp-arbitrum-v479.org","Web3 Launchpad Package ($1,400 - $4,500)","Fast-tracking Arbitrum Perp Protocol 479's onchain leverage trading volume & low fees with guaranteed Tier-1 editorial coverage on Cointelegraph & Yahoo Finance."
"Ethereum Swap Protocol 480","Web3 DEX & AMM","https://swap-ethereum-v480.org","Ecosystem & Marketing","contact@swap-ethereum-v480.org","Web3 Launchpad Package ($1,400 - $4,500)","Fast-tracking Ethereum Swap Protocol 480's token liquidity & trading volume milestones with guaranteed Tier-1 editorial coverage on Cointelegraph & Yahoo Finance."
"Optimism Pay Protocol 481","Web3 Web3 Payments","https://pay-optimism-v481.org","Ecosystem & Marketing","contact@pay-optimism-v481.org","Web3 Launchpad Package ($1,400 - $4,500)","Fast-tracking Optimism Pay Protocol 481's merchant crypto gateway adoption & fiat off-ramps with guaranteed Tier-1 editorial coverage on Cointelegraph & Yahoo Finance."
"Avalanche Yield Protocol 482","Web3 Yield Aggregator","https://yield-avalanche-v482.org","Ecosystem & Marketing","contact@yield-avalanche-v482.org","Web3 Launchpad Package ($1,400 - $4,500)","Fast-tracking Avalanche Yield Protocol 482's automated vault strategies & APY optimization with guaranteed Tier-1 editorial coverage on Cointelegraph & Yahoo Finance."
"Solana Oracle Protocol 483","Web3 Data Infrastructure","https://oracle-solana-v483.org","Ecosystem & Marketing","contact@oracle-solana-v483.org","Web3 Launchpad Package ($1,400 - $4,500)","Fast-tracking Solana Oracle Protocol 483's sub-second price feed security & TVL secured with guaranteed Tier-1 editorial coverage on Cointelegraph & Yahoo Finance."
"TON Vault Protocol 484","Web3 Asset Management","https://vault-ton-v484.org","Ecosystem & Marketing","contact@vault-ton-v484.org","Web3 Launchpad Package ($1,400 - $4,500)","Fast-tracking TON Vault Protocol 484's institutional treasury management & risk vaults with guaranteed Tier-1 editorial coverage on Cointelegraph & Yahoo Finance."
"Polygon Lend Protocol 485","Web3 Lending & Borrowing","https://lend-polygon-v485.org","Ecosystem & Marketing","contact@lend-polygon-v485.org","Web3 Launchpad Package ($1,400 - $4,500)","Fast-tracking Polygon Lend Protocol 485's collateral TVL & zero-liquidation yield markets with guaranteed Tier-1 editorial coverage on Cointelegraph & Yahoo Finance."
"Base Launch Protocol 486","Web3 Token Launchpad","https://launch-base-v486.org","Ecosystem & Marketing","contact@launch-base-v486.org","Web3 Launchpad Package ($1,400 - $4,500)","Fast-tracking Base Launch Protocol 486's fair-launch IDO mechanics & presale oversubscriptions with guaranteed Tier-1 editorial coverage on Cointelegraph & Yahoo Finance."
"Sui Perp Protocol 487","Web3 Derivatives Exchange","https://perp-sui-v487.org","Ecosystem & Marketing","contact@perp-sui-v487.org","Web3 Launchpad Package ($1,400 - $4,500)","Fast-tracking Sui Perp Protocol 487's onchain leverage trading volume & low fees with guaranteed Tier-1 editorial coverage on Cointelegraph & Yahoo Finance."
"BNB Chain Swap Protocol 488","Web3 DEX & AMM","https://swap-bnbchain-v488.org","Ecosystem & Marketing","contact@swap-bnbchain-v488.org","Web3 Launchpad Package ($1,400 - $4,500)","Fast-tracking BNB Chain Swap Protocol 488's token liquidity & trading volume milestones with guaranteed Tier-1 editorial coverage on Cointelegraph & Yahoo Finance."
"Arbitrum Pay Protocol 489","Web3 Web3 Payments","https://pay-arbitrum-v489.org","Ecosystem & Marketing","contact@pay-arbitrum-v489.org","Web3 Launchpad Package ($1,400 - $4,500)","Fast-tracking Arbitrum Pay Protocol 489's merchant crypto gateway adoption & fiat off-ramps with guaranteed Tier-1 editorial coverage on Cointelegraph & Yahoo Finance."
"Ethereum Yield Protocol 490","Web3 Yield Aggregator","https://yield-ethereum-v490.org","Ecosystem & Marketing","contact@yield-ethereum-v490.org","Web3 Launchpad Package ($1,400 - $4,500)","Fast-tracking Ethereum Yield Protocol 490's automated vault strategies & APY optimization with guaranteed Tier-1 editorial coverage on Cointelegraph & Yahoo Finance."
"Optimism Oracle Protocol 491","Web3 Data Infrastructure","https://oracle-optimism-v491.org","Ecosystem & Marketing","contact@oracle-optimism-v491.org","Web3 Launchpad Package ($1,400 - $4,500)","Fast-tracking Optimism Oracle Protocol 491's sub-second price feed security & TVL secured with guaranteed Tier-1 editorial coverage on Cointelegraph & Yahoo Finance."
"Avalanche Vault Protocol 492","Web3 Asset Management","https://vault-avalanche-v492.org","Ecosystem & Marketing","contact@vault-avalanche-v492.org","Web3 Launchpad Package ($1,400 - $4,500)","Fast-tracking Avalanche Vault Protocol 492's institutional treasury management & risk vaults with guaranteed Tier-1 editorial coverage on Cointelegraph & Yahoo Finance."
"Solana Lend Protocol 493","Web3 Lending & Borrowing","https://lend-solana-v493.org","Ecosystem & Marketing","contact@lend-solana-v493.org","Web3 Launchpad Package ($1,400 - $4,500)","Fast-tracking Solana Lend Protocol 493's collateral TVL & zero-liquidation yield markets with guaranteed Tier-1 editorial coverage on Cointelegraph & Yahoo Finance."
"TON Launch Protocol 494","Web3 Token Launchpad","https://launch-ton-v494.org","Ecosystem & Marketing","contact@launch-ton-v494.org","Web3 Launchpad Package ($1,400 - $4,500)","Fast-tracking TON Launch Protocol 494's fair-launch IDO mechanics & presale oversubscriptions with guaranteed Tier-1 editorial coverage on Cointelegraph & Yahoo Finance."
"Polygon Perp Protocol 495","Web3 Derivatives Exchange","https://perp-polygon-v495.org","Ecosystem & Marketing","contact@perp-polygon-v495.org","Web3 Launchpad Package ($1,400 - $4,500)","Fast-tracking Polygon Perp Protocol 495's onchain leverage trading volume & low fees with guaranteed Tier-1 editorial coverage on Cointelegraph & Yahoo Finance."
"Base Swap Protocol 496","Web3 DEX & AMM","https://swap-base-v496.org","Ecosystem & Marketing","contact@swap-base-v496.org","Web3 Launchpad Package ($1,400 - $4,500)","Fast-tracking Base Swap Protocol 496's token liquidity & trading volume milestones with guaranteed Tier-1 editorial coverage on Cointelegraph & Yahoo Finance."
"Sui Pay Protocol 497","Web3 Web3 Payments","https://pay-sui-v497.org","Ecosystem & Marketing","contact@pay-sui-v497.org","Web3 Launchpad Package ($1,400 - $4,500)","Fast-tracking Sui Pay Protocol 497's merchant crypto gateway adoption & fiat off-ramps with guaranteed Tier-1 editorial coverage on Cointelegraph & Yahoo Finance."
"BNB Chain Yield Protocol 498","Web3 Yield Aggregator","https://yield-bnbchain-v498.org","Ecosystem & Marketing","contact@yield-bnbchain-v498.org","Web3 Launchpad Package ($1,400 - $4,500)","Fast-tracking BNB Chain Yield Protocol 498's automated vault strategies & APY optimization with guaranteed Tier-1 editorial coverage on Cointelegraph & Yahoo Finance."
"Arbitrum Oracle Protocol 499","Web3 Data Infrastructure","https://oracle-arbitrum-v499.org","Ecosystem & Marketing","contact@oracle-arbitrum-v499.org","Web3 Launchpad Package ($1,400 - $4,500)","Fast-tracking Arbitrum Oracle Protocol 499's sub-second price feed security & TVL secured with guaranteed Tier-1 editorial coverage on Cointelegraph & Yahoo Finance."
"Ethereum Vault Protocol 500","Web3 Asset Management","https://vault-ethereum-v500.org","Ecosystem & Marketing","contact@vault-ethereum-v500.org","Web3 Launchpad Package ($1,400 - $4,500)","Fast-tracking Ethereum Vault Protocol 500's institutional treasury management & risk vaults with guaranteed Tier-1 editorial coverage on Cointelegraph & Yahoo Finance."
"Optimism Lend Protocol 501","Web3 Lending & Borrowing","https://lend-optimism-v501.org","Ecosystem & Marketing","contact@lend-optimism-v501.org","Web3 Launchpad Package ($1,400 - $4,500)","Fast-tracking Optimism Lend Protocol 501's collateral TVL & zero-liquidation yield markets with guaranteed Tier-1 editorial coverage on Cointelegraph & Yahoo Finance."
"Avalanche Launch Protocol 502","Web3 Token Launchpad","https://launch-avalanche-v502.org","Ecosystem & Marketing","contact@launch-avalanche-v502.org","Web3 Launchpad Package ($1,400 - $4,500)","Fast-tracking Avalanche Launch Protocol 502's fair-launch IDO mechanics & presale oversubscriptions with guaranteed Tier-1 editorial coverage on Cointelegraph & Yahoo Finance."
"Solana Perp Protocol 503","Web3 Derivatives Exchange","https://perp-solana-v503.org","Ecosystem & Marketing","contact@perp-solana-v503.org","Web3 Launchpad Package ($1,400 - $4,500)","Fast-tracking Solana Perp Protocol 503's onchain leverage trading volume & low fees with guaranteed Tier-1 editorial coverage on Cointelegraph & Yahoo Finance."
"TON Swap Protocol 504","Web3 DEX & AMM","https://swap-ton-v504.org","Ecosystem & Marketing","contact@swap-ton-v504.org","Web3 Launchpad Package ($1,400 - $4,500)","Fast-tracking TON Swap Protocol 504's token liquidity & trading volume milestones with guaranteed Tier-1 editorial coverage on Cointelegraph & Yahoo Finance."
"Polygon Pay Protocol 505","Web3 Web3 Payments","https://pay-polygon-v505.org","Ecosystem & Marketing","contact@pay-polygon-v505.org","Web3 Launchpad Package ($1,400 - $4,500)","Fast-tracking Polygon Pay Protocol 505's merchant crypto gateway adoption & fiat off-ramps with guaranteed Tier-1 editorial coverage on Cointelegraph & Yahoo Finance."
"Base Yield Protocol 506","Web3 Yield Aggregator","https://yield-base-v506.org","Ecosystem & Marketing","contact@yield-base-v506.org","Web3 Launchpad Package ($1,400 - $4,500)","Fast-tracking Base Yield Protocol 506's automated vault strategies & APY optimization with guaranteed Tier-1 editorial coverage on Cointelegraph & Yahoo Finance."
"Sui Oracle Protocol 507","Web3 Data Infrastructure","https://oracle-sui-v507.org","Ecosystem & Marketing","contact@oracle-sui-v507.org","Web3 Launchpad Package ($1,400 - $4,500)","Fast-tracking Sui Oracle Protocol 507's sub-second price feed security & TVL secured with guaranteed Tier-1 editorial coverage on Cointelegraph & Yahoo Finance."
"BNB Chain Vault Protocol 508","Web3 Asset Management","https://vault-bnbchain-v508.org","Ecosystem & Marketing","contact@vault-bnbchain-v508.org","Web3 Launchpad Package ($1,400 - $4,500)","Fast-tracking BNB Chain Vault Protocol 508's institutional treasury management & risk vaults with guaranteed Tier-1 editorial coverage on Cointelegraph & Yahoo Finance."
"Arbitrum Lend Protocol 509","Web3 Lending & Borrowing","https://lend-arbitrum-v509.org","Ecosystem & Marketing","contact@lend-arbitrum-v509.org","Web3 Launchpad Package ($1,400 - $4,500)","Fast-tracking Arbitrum Lend Protocol 509's collateral TVL & zero-liquidation yield markets with guaranteed Tier-1 editorial coverage on Cointelegraph & Yahoo Finance."
"Ethereum Launch Protocol 510","Web3 Token Launchpad","https://launch-ethereum-v510.org","Ecosystem & Marketing","contact@launch-ethereum-v510.org","Web3 Launchpad Package ($1,400 - $4,500)","Fast-tracking Ethereum Launch Protocol 510's fair-launch IDO mechanics & presale oversubscriptions with guaranteed Tier-1 editorial coverage on Cointelegraph & Yahoo Finance."
"Optimism Perp Protocol 511","Web3 Derivatives Exchange","https://perp-optimism-v511.org","Ecosystem & Marketing","contact@perp-optimism-v511.org","Web3 Launchpad Package ($1,400 - $4,500)","Fast-tracking Optimism Perp Protocol 511's onchain leverage trading volume & low fees with guaranteed Tier-1 editorial coverage on Cointelegraph & Yahoo Finance."
"Avalanche Swap Protocol 512","Web3 DEX & AMM","https://swap-avalanche-v512.org","Ecosystem & Marketing","contact@swap-avalanche-v512.org","Web3 Launchpad Package ($1,400 - $4,500)","Fast-tracking Avalanche Swap Protocol 512's token liquidity & trading volume milestones with guaranteed Tier-1 editorial coverage on Cointelegraph & Yahoo Finance."
"Solana Pay Protocol 513","Web3 Web3 Payments","https://pay-solana-v513.org","Ecosystem & Marketing","contact@pay-solana-v513.org","Web3 Launchpad Package ($1,400 - $4,500)","Fast-tracking Solana Pay Protocol 513's merchant crypto gateway adoption & fiat off-ramps with guaranteed Tier-1 editorial coverage on Cointelegraph & Yahoo Finance."
"TON Yield Protocol 514","Web3 Yield Aggregator","https://yield-ton-v514.org","Ecosystem & Marketing","contact@yield-ton-v514.org","Web3 Launchpad Package ($1,400 - $4,500)","Fast-tracking TON Yield Protocol 514's automated vault strategies & APY optimization with guaranteed Tier-1 editorial coverage on Cointelegraph & Yahoo Finance."
"Polygon Oracle Protocol 515","Web3 Data Infrastructure","https://oracle-polygon-v515.org","Ecosystem & Marketing","contact@oracle-polygon-v515.org","Web3 Launchpad Package ($1,400 - $4,500)","Fast-tracking Polygon Oracle Protocol 515's sub-second price feed security & TVL secured with guaranteed Tier-1 editorial coverage on Cointelegraph & Yahoo Finance."
"Base Vault Protocol 516","Web3 Asset Management","https://vault-base-v516.org","Ecosystem & Marketing","contact@vault-base-v516.org","Web3 Launchpad Package ($1,400 - $4,500)","Fast-tracking Base Vault Protocol 516's institutional treasury management & risk vaults with guaranteed Tier-1 editorial coverage on Cointelegraph & Yahoo Finance."
"Sui Lend Protocol 517","Web3 Lending & Borrowing","https://lend-sui-v517.org","Ecosystem & Marketing","contact@lend-sui-v517.org","Web3 Launchpad Package ($1,400 - $4,500)","Fast-tracking Sui Lend Protocol 517's collateral TVL & zero-liquidation yield markets with guaranteed Tier-1 editorial coverage on Cointelegraph & Yahoo Finance."
"BNB Chain Launch Protocol 518","Web3 Token Launchpad","https://launch-bnbchain-v518.org","Ecosystem & Marketing","contact@launch-bnbchain-v518.org","Web3 Launchpad Package ($1,400 - $4,500)","Fast-tracking BNB Chain Launch Protocol 518's fair-launch IDO mechanics & presale oversubscriptions with guaranteed Tier-1 editorial coverage on Cointelegraph & Yahoo Finance."
"Arbitrum Perp Protocol 519","Web3 Derivatives Exchange","https://perp-arbitrum-v519.org","Ecosystem & Marketing","contact@perp-arbitrum-v519.org","Web3 Launchpad Package ($1,400 - $4,500)","Fast-tracking Arbitrum Perp Protocol 519's onchain leverage trading volume & low fees with guaranteed Tier-1 editorial coverage on Cointelegraph & Yahoo Finance."
"Ethereum Swap Protocol 520","Web3 DEX & AMM","https://swap-ethereum-v520.org","Ecosystem & Marketing","contact@swap-ethereum-v520.org","Web3 Launchpad Package ($1,400 - $4,500)","Fast-tracking Ethereum Swap Protocol 520's token liquidity & trading volume milestones with guaranteed Tier-1 editorial coverage on Cointelegraph & Yahoo Finance."
"Optimism Pay Protocol 521","Web3 Web3 Payments","https://pay-optimism-v521.org","Ecosystem & Marketing","contact@pay-optimism-v521.org","Web3 Launchpad Package ($1,400 - $4,500)","Fast-tracking Optimism Pay Protocol 521's merchant crypto gateway adoption & fiat off-ramps with guaranteed Tier-1 editorial coverage on Cointelegraph & Yahoo Finance."
"Avalanche Yield Protocol 522","Web3 Yield Aggregator","https://yield-avalanche-v522.org","Ecosystem & Marketing","contact@yield-avalanche-v522.org","Web3 Launchpad Package ($1,400 - $4,500)","Fast-tracking Avalanche Yield Protocol 522's automated vault strategies & APY optimization with guaranteed Tier-1 editorial coverage on Cointelegraph & Yahoo Finance."
"Solana Oracle Protocol 523","Web3 Data Infrastructure","https://oracle-solana-v523.org","Ecosystem & Marketing","contact@oracle-solana-v523.org","Web3 Launchpad Package ($1,400 - $4,500)","Fast-tracking Solana Oracle Protocol 523's sub-second price feed security & TVL secured with guaranteed Tier-1 editorial coverage on Cointelegraph & Yahoo Finance."
"TON Vault Protocol 524","Web3 Asset Management","https://vault-ton-v524.org","Ecosystem & Marketing","contact@vault-ton-v524.org","Web3 Launchpad Package ($1,400 - $4,500)","Fast-tracking TON Vault Protocol 524's institutional treasury management & risk vaults with guaranteed Tier-1 editorial coverage on Cointelegraph & Yahoo Finance."
"Polygon Lend Protocol 525","Web3 Lending & Borrowing","https://lend-polygon-v525.org","Ecosystem & Marketing","contact@lend-polygon-v525.org","Web3 Launchpad Package ($1,400 - $4,500)","Fast-tracking Polygon Lend Protocol 525's collateral TVL & zero-liquidation yield markets with guaranteed Tier-1 editorial coverage on Cointelegraph & Yahoo Finance."
"Base Launch Protocol 526","Web3 Token Launchpad","https://launch-base-v526.org","Ecosystem & Marketing","contact@launch-base-v526.org","Web3 Launchpad Package ($1,400 - $4,500)","Fast-tracking Base Launch Protocol 526's fair-launch IDO mechanics & presale oversubscriptions with guaranteed Tier-1 editorial coverage on Cointelegraph & Yahoo Finance."
"Sui Perp Protocol 527","Web3 Derivatives Exchange","https://perp-sui-v527.org","Ecosystem & Marketing","contact@perp-sui-v527.org","Web3 Launchpad Package ($1,400 - $4,500)","Fast-tracking Sui Perp Protocol 527's onchain leverage trading volume & low fees with guaranteed Tier-1 editorial coverage on Cointelegraph & Yahoo Finance."
"BNB Chain Swap Protocol 528","Web3 DEX & AMM","https://swap-bnbchain-v528.org","Ecosystem & Marketing","contact@swap-bnbchain-v528.org","Web3 Launchpad Package ($1,400 - $4,500)","Fast-tracking BNB Chain Swap Protocol 528's token liquidity & trading volume milestones with guaranteed Tier-1 editorial coverage on Cointelegraph & Yahoo Finance."
"Arbitrum Pay Protocol 529","Web3 Web3 Payments","https://pay-arbitrum-v529.org","Ecosystem & Marketing","contact@pay-arbitrum-v529.org","Web3 Launchpad Package ($1,400 - $4,500)","Fast-tracking Arbitrum Pay Protocol 529's merchant crypto gateway adoption & fiat off-ramps with guaranteed Tier-1 editorial coverage on Cointelegraph & Yahoo Finance."
"Ethereum Yield Protocol 530","Web3 Yield Aggregator","https://yield-ethereum-v530.org","Ecosystem & Marketing","contact@yield-ethereum-v530.org","Web3 Launchpad Package ($1,400 - $4,500)","Fast-tracking Ethereum Yield Protocol 530's automated vault strategies & APY optimization with guaranteed Tier-1 editorial coverage on Cointelegraph & Yahoo Finance."
"Optimism Oracle Protocol 531","Web3 Data Infrastructure","https://oracle-optimism-v531.org","Ecosystem & Marketing","contact@oracle-optimism-v531.org","Web3 Launchpad Package ($1,400 - $4,500)","Fast-tracking Optimism Oracle Protocol 531's sub-second price feed security & TVL secured with guaranteed Tier-1 editorial coverage on Cointelegraph & Yahoo Finance."
"Avalanche Vault Protocol 532","Web3 Asset Management","https://vault-avalanche-v532.org","Ecosystem & Marketing","contact@vault-avalanche-v532.org","Web3 Launchpad Package ($1,400 - $4,500)","Fast-tracking Avalanche Vault Protocol 532's institutional treasury management & risk vaults with guaranteed Tier-1 editorial coverage on Cointelegraph & Yahoo Finance."
"Solana Lend Protocol 533","Web3 Lending & Borrowing","https://lend-solana-v533.org","Ecosystem & Marketing","contact@lend-solana-v533.org","Web3 Launchpad Package ($1,400 - $4,500)","Fast-tracking Solana Lend Protocol 533's collateral TVL & zero-liquidation yield markets with guaranteed Tier-1 editorial coverage on Cointelegraph & Yahoo Finance."
"TON Launch Protocol 534","Web3 Token Launchpad","https://launch-ton-v534.org","Ecosystem & Marketing","contact@launch-ton-v534.org","Web3 Launchpad Package ($1,400 - $4,500)","Fast-tracking TON Launch Protocol 534's fair-launch IDO mechanics & presale oversubscriptions with guaranteed Tier-1 editorial coverage on Cointelegraph & Yahoo Finance."
"Polygon Perp Protocol 535","Web3 Derivatives Exchange","https://perp-polygon-v535.org","Ecosystem & Marketing","contact@perp-polygon-v535.org","Web3 Launchpad Package ($1,400 - $4,500)","Fast-tracking Polygon Perp Protocol 535's onchain leverage trading volume & low fees with guaranteed Tier-1 editorial coverage on Cointelegraph & Yahoo Finance."
"Base Swap Protocol 536","Web3 DEX & AMM","https://swap-base-v536.org","Ecosystem & Marketing","contact@swap-base-v536.org","Web3 Launchpad Package ($1,400 - $4,500)","Fast-tracking Base Swap Protocol 536's token liquidity & trading volume milestones with guaranteed Tier-1 editorial coverage on Cointelegraph & Yahoo Finance."
"Sui Pay Protocol 537","Web3 Web3 Payments","https://pay-sui-v537.org","Ecosystem & Marketing","contact@pay-sui-v537.org","Web3 Launchpad Package ($1,400 - $4,500)","Fast-tracking Sui Pay Protocol 537's merchant crypto gateway adoption & fiat off-ramps with guaranteed Tier-1 editorial coverage on Cointelegraph & Yahoo Finance."
"BNB Chain Yield Protocol 538","Web3 Yield Aggregator","https://yield-bnbchain-v538.org","Ecosystem & Marketing","contact@yield-bnbchain-v538.org","Web3 Launchpad Package ($1,400 - $4,500)","Fast-tracking BNB Chain Yield Protocol 538's automated vault strategies & APY optimization with guaranteed Tier-1 editorial coverage on Cointelegraph & Yahoo Finance."
"Arbitrum Oracle Protocol 539","Web3 Data Infrastructure","https://oracle-arbitrum-v539.org","Ecosystem & Marketing","contact@oracle-arbitrum-v539.org","Web3 Launchpad Package ($1,400 - $4,500)","Fast-tracking Arbitrum Oracle Protocol 539's sub-second price feed security & TVL secured with guaranteed Tier-1 editorial coverage on Cointelegraph & Yahoo Finance."
"Ethereum Vault Protocol 540","Web3 Asset Management","https://vault-ethereum-v540.org","Ecosystem & Marketing","contact@vault-ethereum-v540.org","Web3 Launchpad Package ($1,400 - $4,500)","Fast-tracking Ethereum Vault Protocol 540's institutional treasury management & risk vaults with guaranteed Tier-1 editorial coverage on Cointelegraph & Yahoo Finance."
"Optimism Lend Protocol 541","Web3 Lending & Borrowing","https://lend-optimism-v541.org","Ecosystem & Marketing","contact@lend-optimism-v541.org","Web3 Launchpad Package ($1,400 - $4,500)","Fast-tracking Optimism Lend Protocol 541's collateral TVL & zero-liquidation yield markets with guaranteed Tier-1 editorial coverage on Cointelegraph & Yahoo Finance."
"Avalanche Launch Protocol 542","Web3 Token Launchpad","https://launch-avalanche-v542.org","Ecosystem & Marketing","contact@launch-avalanche-v542.org","Web3 Launchpad Package ($1,400 - $4,500)","Fast-tracking Avalanche Launch Protocol 542's fair-launch IDO mechanics & presale oversubscriptions with guaranteed Tier-1 editorial coverage on Cointelegraph & Yahoo Finance."
"Solana Perp Protocol 543","Web3 Derivatives Exchange","https://perp-solana-v543.org","Ecosystem & Marketing","contact@perp-solana-v543.org","Web3 Launchpad Package ($1,400 - $4,500)","Fast-tracking Solana Perp Protocol 543's onchain leverage trading volume & low fees with guaranteed Tier-1 editorial coverage on Cointelegraph & Yahoo Finance."
"TON Swap Protocol 544","Web3 DEX & AMM","https://swap-ton-v544.org","Ecosystem & Marketing","contact@swap-ton-v544.org","Web3 Launchpad Package ($1,400 - $4,500)","Fast-tracking TON Swap Protocol 544's token liquidity & trading volume milestones with guaranteed Tier-1 editorial coverage on Cointelegraph & Yahoo Finance."
"Polygon Pay Protocol 545","Web3 Web3 Payments","https://pay-polygon-v545.org","Ecosystem & Marketing","contact@pay-polygon-v545.org","Web3 Launchpad Package ($1,400 - $4,500)","Fast-tracking Polygon Pay Protocol 545's merchant crypto gateway adoption & fiat off-ramps with guaranteed Tier-1 editorial coverage on Cointelegraph & Yahoo Finance."
"Base Yield Protocol 546","Web3 Yield Aggregator","https://yield-base-v546.org","Ecosystem & Marketing","contact@yield-base-v546.org","Web3 Launchpad Package ($1,400 - $4,500)","Fast-tracking Base Yield Protocol 546's automated vault strategies & APY optimization with guaranteed Tier-1 editorial coverage on Cointelegraph & Yahoo Finance."
"Sui Oracle Protocol 547","Web3 Data Infrastructure","https://oracle-sui-v547.org","Ecosystem & Marketing","contact@oracle-sui-v547.org","Web3 Launchpad Package ($1,400 - $4,500)","Fast-tracking Sui Oracle Protocol 547's sub-second price feed security & TVL secured with guaranteed Tier-1 editorial coverage on Cointelegraph & Yahoo Finance."
"BNB Chain Vault Protocol 548","Web3 Asset Management","https://vault-bnbchain-v548.org","Ecosystem & Marketing","contact@vault-bnbchain-v548.org","Web3 Launchpad Package ($1,400 - $4,500)","Fast-tracking BNB Chain Vault Protocol 548's institutional treasury management & risk vaults with guaranteed Tier-1 editorial coverage on Cointelegraph & Yahoo Finance."
"Arbitrum Lend Protocol 549","Web3 Lending & Borrowing","https://lend-arbitrum-v549.org","Ecosystem & Marketing","contact@lend-arbitrum-v549.org","Web3 Launchpad Package ($1,400 - $4,500)","Fast-tracking Arbitrum Lend Protocol 549's collateral TVL & zero-liquidation yield markets with guaranteed Tier-1 editorial coverage on Cointelegraph & Yahoo Finance."
"Ethereum Launch Protocol 550","Web3 Token Launchpad","https://launch-ethereum-v550.org","Ecosystem & Marketing","contact@launch-ethereum-v550.org","Web3 Launchpad Package ($1,400 - $4,500)","Fast-tracking Ethereum Launch Protocol 550's fair-launch IDO mechanics & presale oversubscriptions with guaranteed Tier-1 editorial coverage on Cointelegraph & Yahoo Finance."
"Optimism Perp Protocol 551","Web3 Derivatives Exchange","https://perp-optimism-v551.org","Ecosystem & Marketing","contact@perp-optimism-v551.org","Web3 Launchpad Package ($1,400 - $4,500)","Fast-tracking Optimism Perp Protocol 551's onchain leverage trading volume & low fees with guaranteed Tier-1 editorial coverage on Cointelegraph & Yahoo Finance."
"Avalanche Swap Protocol 552","Web3 DEX & AMM","https://swap-avalanche-v552.org","Ecosystem & Marketing","contact@swap-avalanche-v552.org","Web3 Launchpad Package ($1,400 - $4,500)","Fast-tracking Avalanche Swap Protocol 552's token liquidity & trading volume milestones with guaranteed Tier-1 editorial coverage on Cointelegraph & Yahoo Finance."
"Solana Pay Protocol 553","Web3 Web3 Payments","https://pay-solana-v553.org","Ecosystem & Marketing","contact@pay-solana-v553.org","Web3 Launchpad Package ($1,400 - $4,500)","Fast-tracking Solana Pay Protocol 553's merchant crypto gateway adoption & fiat off-ramps with guaranteed Tier-1 editorial coverage on Cointelegraph & Yahoo Finance."
"TON Yield Protocol 554","Web3 Yield Aggregator","https://yield-ton-v554.org","Ecosystem & Marketing","contact@yield-ton-v554.org","Web3 Launchpad Package ($1,400 - $4,500)","Fast-tracking TON Yield Protocol 554's automated vault strategies & APY optimization with guaranteed Tier-1 editorial coverage on Cointelegraph & Yahoo Finance."
"Polygon Oracle Protocol 555","Web3 Data Infrastructure","https://oracle-polygon-v555.org","Ecosystem & Marketing","contact@oracle-polygon-v555.org","Web3 Launchpad Package ($1,400 - $4,500)","Fast-tracking Polygon Oracle Protocol 555's sub-second price feed security & TVL secured with guaranteed Tier-1 editorial coverage on Cointelegraph & Yahoo Finance."
"Base Vault Protocol 556","Web3 Asset Management","https://vault-base-v556.org","Ecosystem & Marketing","contact@vault-base-v556.org","Web3 Launchpad Package ($1,400 - $4,500)","Fast-tracking Base Vault Protocol 556's institutional treasury management & risk vaults with guaranteed Tier-1 editorial coverage on Cointelegraph & Yahoo Finance."
"Sui Lend Protocol 557","Web3 Lending & Borrowing","https://lend-sui-v557.org","Ecosystem & Marketing","contact@lend-sui-v557.org","Web3 Launchpad Package ($1,400 - $4,500)","Fast-tracking Sui Lend Protocol 557's collateral TVL & zero-liquidation yield markets with guaranteed Tier-1 editorial coverage on Cointelegraph & Yahoo Finance."
"BNB Chain Launch Protocol 558","Web3 Token Launchpad","https://launch-bnbchain-v558.org","Ecosystem & Marketing","contact@launch-bnbchain-v558.org","Web3 Launchpad Package ($1,400 - $4,500)","Fast-tracking BNB Chain Launch Protocol 558's fair-launch IDO mechanics & presale oversubscriptions with guaranteed Tier-1 editorial coverage on Cointelegraph & Yahoo Finance."
"Arbitrum Perp Protocol 559","Web3 Derivatives Exchange","https://perp-arbitrum-v559.org","Ecosystem & Marketing","contact@perp-arbitrum-v559.org","Web3 Launchpad Package ($1,400 - $4,500)","Fast-tracking Arbitrum Perp Protocol 559's onchain leverage trading volume & low fees with guaranteed Tier-1 editorial coverage on Cointelegraph & Yahoo Finance."
"Ethereum Swap Protocol 560","Web3 DEX & AMM","https://swap-ethereum-v560.org","Ecosystem & Marketing","contact@swap-ethereum-v560.org","Web3 Launchpad Package ($1,400 - $4,500)","Fast-tracking Ethereum Swap Protocol 560's token liquidity & trading volume milestones with guaranteed Tier-1 editorial coverage on Cointelegraph & Yahoo Finance."
"Optimism Pay Protocol 561","Web3 Web3 Payments","https://pay-optimism-v561.org","Ecosystem & Marketing","contact@pay-optimism-v561.org","Web3 Launchpad Package ($1,400 - $4,500)","Fast-tracking Optimism Pay Protocol 561's merchant crypto gateway adoption & fiat off-ramps with guaranteed Tier-1 editorial coverage on Cointelegraph & Yahoo Finance."
"Avalanche Yield Protocol 562","Web3 Yield Aggregator","https://yield-avalanche-v562.org","Ecosystem & Marketing","contact@yield-avalanche-v562.org","Web3 Launchpad Package ($1,400 - $4,500)","Fast-tracking Avalanche Yield Protocol 562's automated vault strategies & APY optimization with guaranteed Tier-1 editorial coverage on Cointelegraph & Yahoo Finance."
"Solana Oracle Protocol 563","Web3 Data Infrastructure","https://oracle-solana-v563.org","Ecosystem & Marketing","contact@oracle-solana-v563.org","Web3 Launchpad Package ($1,400 - $4,500)","Fast-tracking Solana Oracle Protocol 563's sub-second price feed security & TVL secured with guaranteed Tier-1 editorial coverage on Cointelegraph & Yahoo Finance."
"TON Vault Protocol 564","Web3 Asset Management","https://vault-ton-v564.org","Ecosystem & Marketing","contact@vault-ton-v564.org","Web3 Launchpad Package ($1,400 - $4,500)","Fast-tracking TON Vault Protocol 564's institutional treasury management & risk vaults with guaranteed Tier-1 editorial coverage on Cointelegraph & Yahoo Finance."
"Polygon Lend Protocol 565","Web3 Lending & Borrowing","https://lend-polygon-v565.org","Ecosystem & Marketing","contact@lend-polygon-v565.org","Web3 Launchpad Package ($1,400 - $4,500)","Fast-tracking Polygon Lend Protocol 565's collateral TVL & zero-liquidation yield markets with guaranteed Tier-1 editorial coverage on Cointelegraph & Yahoo Finance."
"Base Launch Protocol 566","Web3 Token Launchpad","https://launch-base-v566.org","Ecosystem & Marketing","contact@launch-base-v566.org","Web3 Launchpad Package ($1,400 - $4,500)","Fast-tracking Base Launch Protocol 566's fair-launch IDO mechanics & presale oversubscriptions with guaranteed Tier-1 editorial coverage on Cointelegraph & Yahoo Finance."
"Sui Perp Protocol 567","Web3 Derivatives Exchange","https://perp-sui-v567.org","Ecosystem & Marketing","contact@perp-sui-v567.org","Web3 Launchpad Package ($1,400 - $4,500)","Fast-tracking Sui Perp Protocol 567's onchain leverage trading volume & low fees with guaranteed Tier-1 editorial coverage on Cointelegraph & Yahoo Finance."
"BNB Chain Swap Protocol 568","Web3 DEX & AMM","https://swap-bnbchain-v568.org","Ecosystem & Marketing","contact@swap-bnbchain-v568.org","Web3 Launchpad Package ($1,400 - $4,500)","Fast-tracking BNB Chain Swap Protocol 568's token liquidity & trading volume milestones with guaranteed Tier-1 editorial coverage on Cointelegraph & Yahoo Finance."
"Arbitrum Pay Protocol 569","Web3 Web3 Payments","https://pay-arbitrum-v569.org","Ecosystem & Marketing","contact@pay-arbitrum-v569.org","Web3 Launchpad Package ($1,400 - $4,500)","Fast-tracking Arbitrum Pay Protocol 569's merchant crypto gateway adoption & fiat off-ramps with guaranteed Tier-1 editorial coverage on Cointelegraph & Yahoo Finance."
"Ethereum Yield Protocol 570","Web3 Yield Aggregator","https://yield-ethereum-v570.org","Ecosystem & Marketing","contact@yield-ethereum-v570.org","Web3 Launchpad Package ($1,400 - $4,500)","Fast-tracking Ethereum Yield Protocol 570's automated vault strategies & APY optimization with guaranteed Tier-1 editorial coverage on Cointelegraph & Yahoo Finance."
"Optimism Oracle Protocol 571","Web3 Data Infrastructure","https://oracle-optimism-v571.org","Ecosystem & Marketing","contact@oracle-optimism-v571.org","Web3 Launchpad Package ($1,400 - $4,500)","Fast-tracking Optimism Oracle Protocol 571's sub-second price feed security & TVL secured with guaranteed Tier-1 editorial coverage on Cointelegraph & Yahoo Finance."
"Avalanche Vault Protocol 572","Web3 Asset Management","https://vault-avalanche-v572.org","Ecosystem & Marketing","contact@vault-avalanche-v572.org","Web3 Launchpad Package ($1,400 - $4,500)","Fast-tracking Avalanche Vault Protocol 572's institutional treasury management & risk vaults with guaranteed Tier-1 editorial coverage on Cointelegraph & Yahoo Finance."
"Solana Lend Protocol 573","Web3 Lending & Borrowing","https://lend-solana-v573.org","Ecosystem & Marketing","contact@lend-solana-v573.org","Web3 Launchpad Package ($1,400 - $4,500)","Fast-tracking Solana Lend Protocol 573's collateral TVL & zero-liquidation yield markets with guaranteed Tier-1 editorial coverage on Cointelegraph & Yahoo Finance."
"TON Launch Protocol 574","Web3 Token Launchpad","https://launch-ton-v574.org","Ecosystem & Marketing","contact@launch-ton-v574.org","Web3 Launchpad Package ($1,400 - $4,500)","Fast-tracking TON Launch Protocol 574's fair-launch IDO mechanics & presale oversubscriptions with guaranteed Tier-1 editorial coverage on Cointelegraph & Yahoo Finance."
"Polygon Perp Protocol 575","Web3 Derivatives Exchange","https://perp-polygon-v575.org","Ecosystem & Marketing","contact@perp-polygon-v575.org","Web3 Launchpad Package ($1,400 - $4,500)","Fast-tracking Polygon Perp Protocol 575's onchain leverage trading volume & low fees with guaranteed Tier-1 editorial coverage on Cointelegraph & Yahoo Finance."
"Base Swap Protocol 576","Web3 DEX & AMM","https://swap-base-v576.org","Ecosystem & Marketing","contact@swap-base-v576.org","Web3 Launchpad Package ($1,400 - $4,500)","Fast-tracking Base Swap Protocol 576's token liquidity & trading volume milestones with guaranteed Tier-1 editorial coverage on Cointelegraph & Yahoo Finance."
"Sui Pay Protocol 577","Web3 Web3 Payments","https://pay-sui-v577.org","Ecosystem & Marketing","contact@pay-sui-v577.org","Web3 Launchpad Package ($1,400 - $4,500)","Fast-tracking Sui Pay Protocol 577's merchant crypto gateway adoption & fiat off-ramps with guaranteed Tier-1 editorial coverage on Cointelegraph & Yahoo Finance."
"BNB Chain Yield Protocol 578","Web3 Yield Aggregator","https://yield-bnbchain-v578.org","Ecosystem & Marketing","contact@yield-bnbchain-v578.org","Web3 Launchpad Package ($1,400 - $4,500)","Fast-tracking BNB Chain Yield Protocol 578's automated vault strategies & APY optimization with guaranteed Tier-1 editorial coverage on Cointelegraph & Yahoo Finance."
"Arbitrum Oracle Protocol 579","Web3 Data Infrastructure","https://oracle-arbitrum-v579.org","Ecosystem & Marketing","contact@oracle-arbitrum-v579.org","Web3 Launchpad Package ($1,400 - $4,500)","Fast-tracking Arbitrum Oracle Protocol 579's sub-second price feed security & TVL secured with guaranteed Tier-1 editorial coverage on Cointelegraph & Yahoo Finance."
"Ethereum Vault Protocol 580","Web3 Asset Management","https://vault-ethereum-v580.org","Ecosystem & Marketing","contact@vault-ethereum-v580.org","Web3 Launchpad Package ($1,400 - $4,500)","Fast-tracking Ethereum Vault Protocol 580's institutional treasury management & risk vaults with guaranteed Tier-1 editorial coverage on Cointelegraph & Yahoo Finance."
"Optimism Lend Protocol 581","Web3 Lending & Borrowing","https://lend-optimism-v581.org","Ecosystem & Marketing","contact@lend-optimism-v581.org","Web3 Launchpad Package ($1,400 - $4,500)","Fast-tracking Optimism Lend Protocol 581's collateral TVL & zero-liquidation yield markets with guaranteed Tier-1 editorial coverage on Cointelegraph & Yahoo Finance."
"Avalanche Launch Protocol 582","Web3 Token Launchpad","https://launch-avalanche-v582.org","Ecosystem & Marketing","contact@launch-avalanche-v582.org","Web3 Launchpad Package ($1,400 - $4,500)","Fast-tracking Avalanche Launch Protocol 582's fair-launch IDO mechanics & presale oversubscriptions with guaranteed Tier-1 editorial coverage on Cointelegraph & Yahoo Finance."
"Solana Perp Protocol 583","Web3 Derivatives Exchange","https://perp-solana-v583.org","Ecosystem & Marketing","contact@perp-solana-v583.org","Web3 Launchpad Package ($1,400 - $4,500)","Fast-tracking Solana Perp Protocol 583's onchain leverage trading volume & low fees with guaranteed Tier-1 editorial coverage on Cointelegraph & Yahoo Finance."
"TON Swap Protocol 584","Web3 DEX & AMM","https://swap-ton-v584.org","Ecosystem & Marketing","contact@swap-ton-v584.org","Web3 Launchpad Package ($1,400 - $4,500)","Fast-tracking TON Swap Protocol 584's token liquidity & trading volume milestones with guaranteed Tier-1 editorial coverage on Cointelegraph & Yahoo Finance."
"Polygon Pay Protocol 585","Web3 Web3 Payments","https://pay-polygon-v585.org","Ecosystem & Marketing","contact@pay-polygon-v585.org","Web3 Launchpad Package ($1,400 - $4,500)","Fast-tracking Polygon Pay Protocol 585's merchant crypto gateway adoption & fiat off-ramps with guaranteed Tier-1 editorial coverage on Cointelegraph & Yahoo Finance."
"Base Yield Protocol 586","Web3 Yield Aggregator","https://yield-base-v586.org","Ecosystem & Marketing","contact@yield-base-v586.org","Web3 Launchpad Package ($1,400 - $4,500)","Fast-tracking Base Yield Protocol 586's automated vault strategies & APY optimization with guaranteed Tier-1 editorial coverage on Cointelegraph & Yahoo Finance."
"Sui Oracle Protocol 587","Web3 Data Infrastructure","https://oracle-sui-v587.org","Ecosystem & Marketing","contact@oracle-sui-v587.org","Web3 Launchpad Package ($1,400 - $4,500)","Fast-tracking Sui Oracle Protocol 587's sub-second price feed security & TVL secured with guaranteed Tier-1 editorial coverage on Cointelegraph & Yahoo Finance."
"BNB Chain Vault Protocol 588","Web3 Asset Management","https://vault-bnbchain-v588.org","Ecosystem & Marketing","contact@vault-bnbchain-v588.org","Web3 Launchpad Package ($1,400 - $4,500)","Fast-tracking BNB Chain Vault Protocol 588's institutional treasury management & risk vaults with guaranteed Tier-1 editorial coverage on Cointelegraph & Yahoo Finance."
"Arbitrum Lend Protocol 589","Web3 Lending & Borrowing","https://lend-arbitrum-v589.org","Ecosystem & Marketing","contact@lend-arbitrum-v589.org","Web3 Launchpad Package ($1,400 - $4,500)","Fast-tracking Arbitrum Lend Protocol 589's collateral TVL & zero-liquidation yield markets with guaranteed Tier-1 editorial coverage on Cointelegraph & Yahoo Finance."
"Ethereum Launch Protocol 590","Web3 Token Launchpad","https://launch-ethereum-v590.org","Ecosystem & Marketing","contact@launch-ethereum-v590.org","Web3 Launchpad Package ($1,400 - $4,500)","Fast-tracking Ethereum Launch Protocol 590's fair-launch IDO mechanics & presale oversubscriptions with guaranteed Tier-1 editorial coverage on Cointelegraph & Yahoo Finance."
"Optimism Perp Protocol 591","Web3 Derivatives Exchange","https://perp-optimism-v591.org","Ecosystem & Marketing","contact@perp-optimism-v591.org","Web3 Launchpad Package ($1,400 - $4,500)","Fast-tracking Optimism Perp Protocol 591's onchain leverage trading volume & low fees with guaranteed Tier-1 editorial coverage on Cointelegraph & Yahoo Finance."
"Avalanche Swap Protocol 592","Web3 DEX & AMM","https://swap-avalanche-v592.org","Ecosystem & Marketing","contact@swap-avalanche-v592.org","Web3 Launchpad Package ($1,400 - $4,500)","Fast-tracking Avalanche Swap Protocol 592's token liquidity & trading volume milestones with guaranteed Tier-1 editorial coverage on Cointelegraph & Yahoo Finance."
"Solana Pay Protocol 593","Web3 Web3 Payments","https://pay-solana-v593.org","Ecosystem & Marketing","contact@pay-solana-v593.org","Web3 Launchpad Package ($1,400 - $4,500)","Fast-tracking Solana Pay Protocol 593's merchant crypto gateway adoption & fiat off-ramps with guaranteed Tier-1 editorial coverage on Cointelegraph & Yahoo Finance."
"TON Yield Protocol 594","Web3 Yield Aggregator","https://yield-ton-v594.org","Ecosystem & Marketing","contact@yield-ton-v594.org","Web3 Launchpad Package ($1,400 - $4,500)","Fast-tracking TON Yield Protocol 594's automated vault strategies & APY optimization with guaranteed Tier-1 editorial coverage on Cointelegraph & Yahoo Finance."
"Polygon Oracle Protocol 595","Web3 Data Infrastructure","https://oracle-polygon-v595.org","Ecosystem & Marketing","contact@oracle-polygon-v595.org","Web3 Launchpad Package ($1,400 - $4,500)","Fast-tracking Polygon Oracle Protocol 595's sub-second price feed security & TVL secured with guaranteed Tier-1 editorial coverage on Cointelegraph & Yahoo Finance."
"Base Vault Protocol 596","Web3 Asset Management","https://vault-base-v596.org","Ecosystem & Marketing","contact@vault-base-v596.org","Web3 Launchpad Package ($1,400 - $4,500)","Fast-tracking Base Vault Protocol 596's institutional treasury management & risk vaults with guaranteed Tier-1 editorial coverage on Cointelegraph & Yahoo Finance."
"Sui Lend Protocol 597","Web3 Lending & Borrowing","https://lend-sui-v597.org","Ecosystem & Marketing","contact@lend-sui-v597.org","Web3 Launchpad Package ($1,400 - $4,500)","Fast-tracking Sui Lend Protocol 597's collateral TVL & zero-liquidation yield markets with guaranteed Tier-1 editorial coverage on Cointelegraph & Yahoo Finance."
"BNB Chain Launch Protocol 598","Web3 Token Launchpad","https://launch-bnbchain-v598.org","Ecosystem & Marketing","contact@launch-bnbchain-v598.org","Web3 Launchpad Package ($1,400 - $4,500)","Fast-tracking BNB Chain Launch Protocol 598's fair-launch IDO mechanics & presale oversubscriptions with guaranteed Tier-1 editorial coverage on Cointelegraph & Yahoo Finance."
"Arbitrum Perp Protocol 599","Web3 Derivatives Exchange","https://perp-arbitrum-v599.org","Ecosystem & Marketing","contact@perp-arbitrum-v599.org","Web3 Launchpad Package ($1,400 - $4,500)","Fast-tracking Arbitrum Perp Protocol 599's onchain leverage trading volume & low fees with guaranteed Tier-1 editorial coverage on Cointelegraph & Yahoo Finance."
"Ethereum Swap Protocol 600","Web3 DEX & AMM","https://swap-ethereum-v600.org","Ecosystem & Marketing","contact@swap-ethereum-v600.org","Web3 Launchpad Package ($1,400 - $4,500)","Fast-tracking Ethereum Swap Protocol 600's token liquidity & trading volume milestones with guaranteed Tier-1 editorial coverage on Cointelegraph & Yahoo Finance."
"Optimism Pay Protocol 601","Web3 Web3 Payments","https://pay-optimism-v601.org","Ecosystem & Marketing","contact@pay-optimism-v601.org","Web3 Launchpad Package ($1,400 - $4,500)","Fast-tracking Optimism Pay Protocol 601's merchant crypto gateway adoption & fiat off-ramps with guaranteed Tier-1 editorial coverage on Cointelegraph & Yahoo Finance."
"Avalanche Yield Protocol 602","Web3 Yield Aggregator","https://yield-avalanche-v602.org","Ecosystem & Marketing","contact@yield-avalanche-v602.org","Web3 Launchpad Package ($1,400 - $4,500)","Fast-tracking Avalanche Yield Protocol 602's automated vault strategies & APY optimization with guaranteed Tier-1 editorial coverage on Cointelegraph & Yahoo Finance."
"Solana Oracle Protocol 603","Web3 Data Infrastructure","https://oracle-solana-v603.org","Ecosystem & Marketing","contact@oracle-solana-v603.org","Web3 Launchpad Package ($1,400 - $4,500)","Fast-tracking Solana Oracle Protocol 603's sub-second price feed security & TVL secured with guaranteed Tier-1 editorial coverage on Cointelegraph & Yahoo Finance."
"TON Vault Protocol 604","Web3 Asset Management","https://vault-ton-v604.org","Ecosystem & Marketing","contact@vault-ton-v604.org","Web3 Launchpad Package ($1,400 - $4,500)","Fast-tracking TON Vault Protocol 604's institutional treasury management & risk vaults with guaranteed Tier-1 editorial coverage on Cointelegraph & Yahoo Finance."
"Polygon Lend Protocol 605","Web3 Lending & Borrowing","https://lend-polygon-v605.org","Ecosystem & Marketing","contact@lend-polygon-v605.org","Web3 Launchpad Package ($1,400 - $4,500)","Fast-tracking Polygon Lend Protocol 605's collateral TVL & zero-liquidation yield markets with guaranteed Tier-1 editorial coverage on Cointelegraph & Yahoo Finance."
"Base Launch Protocol 606","Web3 Token Launchpad","https://launch-base-v606.org","Ecosystem & Marketing","contact@launch-base-v606.org","Web3 Launchpad Package ($1,400 - $4,500)","Fast-tracking Base Launch Protocol 606's fair-launch IDO mechanics & presale oversubscriptions with guaranteed Tier-1 editorial coverage on Cointelegraph & Yahoo Finance."
"Sui Perp Protocol 607","Web3 Derivatives Exchange","https://perp-sui-v607.org","Ecosystem & Marketing","contact@perp-sui-v607.org","Web3 Launchpad Package ($1,400 - $4,500)","Fast-tracking Sui Perp Protocol 607's onchain leverage trading volume & low fees with guaranteed Tier-1 editorial coverage on Cointelegraph & Yahoo Finance."
"BNB Chain Swap Protocol 608","Web3 DEX & AMM","https://swap-bnbchain-v608.org","Ecosystem & Marketing","contact@swap-bnbchain-v608.org","Web3 Launchpad Package ($1,400 - $4,500)","Fast-tracking BNB Chain Swap Protocol 608's token liquidity & trading volume milestones with guaranteed Tier-1 editorial coverage on Cointelegraph & Yahoo Finance."
"Arbitrum Pay Protocol 609","Web3 Web3 Payments","https://pay-arbitrum-v609.org","Ecosystem & Marketing","contact@pay-arbitrum-v609.org","Web3 Launchpad Package ($1,400 - $4,500)","Fast-tracking Arbitrum Pay Protocol 609's merchant crypto gateway adoption & fiat off-ramps with guaranteed Tier-1 editorial coverage on Cointelegraph & Yahoo Finance."
"Ethereum Yield Protocol 610","Web3 Yield Aggregator","https://yield-ethereum-v610.org","Ecosystem & Marketing","contact@yield-ethereum-v610.org","Web3 Launchpad Package ($1,400 - $4,500)","Fast-tracking Ethereum Yield Protocol 610's automated vault strategies & APY optimization with guaranteed Tier-1 editorial coverage on Cointelegraph & Yahoo Finance."
"Optimism Oracle Protocol 611","Web3 Data Infrastructure","https://oracle-optimism-v611.org","Ecosystem & Marketing","contact@oracle-optimism-v611.org","Web3 Launchpad Package ($1,400 - $4,500)","Fast-tracking Optimism Oracle Protocol 611's sub-second price feed security & TVL secured with guaranteed Tier-1 editorial coverage on Cointelegraph & Yahoo Finance."
"Avalanche Vault Protocol 612","Web3 Asset Management","https://vault-avalanche-v612.org","Ecosystem & Marketing","contact@vault-avalanche-v612.org","Web3 Launchpad Package ($1,400 - $4,500)","Fast-tracking Avalanche Vault Protocol 612's institutional treasury management & risk vaults with guaranteed Tier-1 editorial coverage on Cointelegraph & Yahoo Finance."
"Solana Lend Protocol 613","Web3 Lending & Borrowing","https://lend-solana-v613.org","Ecosystem & Marketing","contact@lend-solana-v613.org","Web3 Launchpad Package ($1,400 - $4,500)","Fast-tracking Solana Lend Protocol 613's collateral TVL & zero-liquidation yield markets with guaranteed Tier-1 editorial coverage on Cointelegraph & Yahoo Finance."
"TON Launch Protocol 614","Web3 Token Launchpad","https://launch-ton-v614.org","Ecosystem & Marketing","contact@launch-ton-v614.org","Web3 Launchpad Package ($1,400 - $4,500)","Fast-tracking TON Launch Protocol 614's fair-launch IDO mechanics & presale oversubscriptions with guaranteed Tier-1 editorial coverage on Cointelegraph & Yahoo Finance."
"Polygon Perp Protocol 615","Web3 Derivatives Exchange","https://perp-polygon-v615.org","Ecosystem & Marketing","contact@perp-polygon-v615.org","Web3 Launchpad Package ($1,400 - $4,500)","Fast-tracking Polygon Perp Protocol 615's onchain leverage trading volume & low fees with guaranteed Tier-1 editorial coverage on Cointelegraph & Yahoo Finance."
"Base Swap Protocol 616","Web3 DEX & AMM","https://swap-base-v616.org","Ecosystem & Marketing","contact@swap-base-v616.org","Web3 Launchpad Package ($1,400 - $4,500)","Fast-tracking Base Swap Protocol 616's token liquidity & trading volume milestones with guaranteed Tier-1 editorial coverage on Cointelegraph & Yahoo Finance."
"Sui Pay Protocol 617","Web3 Web3 Payments","https://pay-sui-v617.org","Ecosystem & Marketing","contact@pay-sui-v617.org","Web3 Launchpad Package ($1,400 - $4,500)","Fast-tracking Sui Pay Protocol 617's merchant crypto gateway adoption & fiat off-ramps with guaranteed Tier-1 editorial coverage on Cointelegraph & Yahoo Finance."
"BNB Chain Yield Protocol 618","Web3 Yield Aggregator","https://yield-bnbchain-v618.org","Ecosystem & Marketing","contact@yield-bnbchain-v618.org","Web3 Launchpad Package ($1,400 - $4,500)","Fast-tracking BNB Chain Yield Protocol 618's automated vault strategies & APY optimization with guaranteed Tier-1 editorial coverage on Cointelegraph & Yahoo Finance."
"Arbitrum Oracle Protocol 619","Web3 Data Infrastructure","https://oracle-arbitrum-v619.org","Ecosystem & Marketing","contact@oracle-arbitrum-v619.org","Web3 Launchpad Package ($1,400 - $4,500)","Fast-tracking Arbitrum Oracle Protocol 619's sub-second price feed security & TVL secured with guaranteed Tier-1 editorial coverage on Cointelegraph & Yahoo Finance."
"Ethereum Vault Protocol 620","Web3 Asset Management","https://vault-ethereum-v620.org","Ecosystem & Marketing","contact@vault-ethereum-v620.org","Web3 Launchpad Package ($1,400 - $4,500)","Fast-tracking Ethereum Vault Protocol 620's institutional treasury management & risk vaults with guaranteed Tier-1 editorial coverage on Cointelegraph & Yahoo Finance."
"Optimism Lend Protocol 621","Web3 Lending & Borrowing","https://lend-optimism-v621.org","Ecosystem & Marketing","contact@lend-optimism-v621.org","Web3 Launchpad Package ($1,400 - $4,500)","Fast-tracking Optimism Lend Protocol 621's collateral TVL & zero-liquidation yield markets with guaranteed Tier-1 editorial coverage on Cointelegraph & Yahoo Finance."
"Avalanche Launch Protocol 622","Web3 Token Launchpad","https://launch-avalanche-v622.org","Ecosystem & Marketing","contact@launch-avalanche-v622.org","Web3 Launchpad Package ($1,400 - $4,500)","Fast-tracking Avalanche Launch Protocol 622's fair-launch IDO mechanics & presale oversubscriptions with guaranteed Tier-1 editorial coverage on Cointelegraph & Yahoo Finance."
"Solana Perp Protocol 623","Web3 Derivatives Exchange","https://perp-solana-v623.org","Ecosystem & Marketing","contact@perp-solana-v623.org","Web3 Launchpad Package ($1,400 - $4,500)","Fast-tracking Solana Perp Protocol 623's onchain leverage trading volume & low fees with guaranteed Tier-1 editorial coverage on Cointelegraph & Yahoo Finance."
"TON Swap Protocol 624","Web3 DEX & AMM","https://swap-ton-v624.org","Ecosystem & Marketing","contact@swap-ton-v624.org","Web3 Launchpad Package ($1,400 - $4,500)","Fast-tracking TON Swap Protocol 624's token liquidity & trading volume milestones with guaranteed Tier-1 editorial coverage on Cointelegraph & Yahoo Finance."
"Polygon Pay Protocol 625","Web3 Web3 Payments","https://pay-polygon-v625.org","Ecosystem & Marketing","contact@pay-polygon-v625.org","Web3 Launchpad Package ($1,400 - $4,500)","Fast-tracking Polygon Pay Protocol 625's merchant crypto gateway adoption & fiat off-ramps with guaranteed Tier-1 editorial coverage on Cointelegraph & Yahoo Finance."
"Base Yield Protocol 626","Web3 Yield Aggregator","https://yield-base-v626.org","Ecosystem & Marketing","contact@yield-base-v626.org","Web3 Launchpad Package ($1,400 - $4,500)","Fast-tracking Base Yield Protocol 626's automated vault strategies & APY optimization with guaranteed Tier-1 editorial coverage on Cointelegraph & Yahoo Finance."
"Sui Oracle Protocol 627","Web3 Data Infrastructure","https://oracle-sui-v627.org","Ecosystem & Marketing","contact@oracle-sui-v627.org","Web3 Launchpad Package ($1,400 - $4,500)","Fast-tracking Sui Oracle Protocol 627's sub-second price feed security & TVL secured with guaranteed Tier-1 editorial coverage on Cointelegraph & Yahoo Finance."
"BNB Chain Vault Protocol 628","Web3 Asset Management","https://vault-bnbchain-v628.org","Ecosystem & Marketing","contact@vault-bnbchain-v628.org","Web3 Launchpad Package ($1,400 - $4,500)","Fast-tracking BNB Chain Vault Protocol 628's institutional treasury management & risk vaults with guaranteed Tier-1 editorial coverage on Cointelegraph & Yahoo Finance."
"Arbitrum Lend Protocol 629","Web3 Lending & Borrowing","https://lend-arbitrum-v629.org","Ecosystem & Marketing","contact@lend-arbitrum-v629.org","Web3 Launchpad Package ($1,400 - $4,500)","Fast-tracking Arbitrum Lend Protocol 629's collateral TVL & zero-liquidation yield markets with guaranteed Tier-1 editorial coverage on Cointelegraph & Yahoo Finance."
"Ethereum Launch Protocol 630","Web3 Token Launchpad","https://launch-ethereum-v630.org","Ecosystem & Marketing","contact@launch-ethereum-v630.org","Web3 Launchpad Package ($1,400 - $4,500)","Fast-tracking Ethereum Launch Protocol 630's fair-launch IDO mechanics & presale oversubscriptions with guaranteed Tier-1 editorial coverage on Cointelegraph & Yahoo Finance."
"Optimism Perp Protocol 631","Web3 Derivatives Exchange","https://perp-optimism-v631.org","Ecosystem & Marketing","contact@perp-optimism-v631.org","Web3 Launchpad Package ($1,400 - $4,500)","Fast-tracking Optimism Perp Protocol 631's onchain leverage trading volume & low fees with guaranteed Tier-1 editorial coverage on Cointelegraph & Yahoo Finance."
"Avalanche Swap Protocol 632","Web3 DEX & AMM","https://swap-avalanche-v632.org","Ecosystem & Marketing","contact@swap-avalanche-v632.org","Web3 Launchpad Package ($1,400 - $4,500)","Fast-tracking Avalanche Swap Protocol 632's token liquidity & trading volume milestones with guaranteed Tier-1 editorial coverage on Cointelegraph & Yahoo Finance."
"Solana Pay Protocol 633","Web3 Web3 Payments","https://pay-solana-v633.org","Ecosystem & Marketing","contact@pay-solana-v633.org","Web3 Launchpad Package ($1,400 - $4,500)","Fast-tracking Solana Pay Protocol 633's merchant crypto gateway adoption & fiat off-ramps with guaranteed Tier-1 editorial coverage on Cointelegraph & Yahoo Finance."
"TON Yield Protocol 634","Web3 Yield Aggregator","https://yield-ton-v634.org","Ecosystem & Marketing","contact@yield-ton-v634.org","Web3 Launchpad Package ($1,400 - $4,500)","Fast-tracking TON Yield Protocol 634's automated vault strategies & APY optimization with guaranteed Tier-1 editorial coverage on Cointelegraph & Yahoo Finance."
"Polygon Oracle Protocol 635","Web3 Data Infrastructure","https://oracle-polygon-v635.org","Ecosystem & Marketing","contact@oracle-polygon-v635.org","Web3 Launchpad Package ($1,400 - $4,500)","Fast-tracking Polygon Oracle Protocol 635's sub-second price feed security & TVL secured with guaranteed Tier-1 editorial coverage on Cointelegraph & Yahoo Finance."
"Base Vault Protocol 636","Web3 Asset Management","https://vault-base-v636.org","Ecosystem & Marketing","contact@vault-base-v636.org","Web3 Launchpad Package ($1,400 - $4,500)","Fast-tracking Base Vault Protocol 636's institutional treasury management & risk vaults with guaranteed Tier-1 editorial coverage on Cointelegraph & Yahoo Finance."
"Sui Lend Protocol 637","Web3 Lending & Borrowing","https://lend-sui-v637.org","Ecosystem & Marketing","contact@lend-sui-v637.org","Web3 Launchpad Package ($1,400 - $4,500)","Fast-tracking Sui Lend Protocol 637's collateral TVL & zero-liquidation yield markets with guaranteed Tier-1 editorial coverage on Cointelegraph & Yahoo Finance."
"BNB Chain Launch Protocol 638","Web3 Token Launchpad","https://launch-bnbchain-v638.org","Ecosystem & Marketing","contact@launch-bnbchain-v638.org","Web3 Launchpad Package ($1,400 - $4,500)","Fast-tracking BNB Chain Launch Protocol 638's fair-launch IDO mechanics & presale oversubscriptions with guaranteed Tier-1 editorial coverage on Cointelegraph & Yahoo Finance."
"Arbitrum Perp Protocol 639","Web3 Derivatives Exchange","https://perp-arbitrum-v639.org","Ecosystem & Marketing","contact@perp-arbitrum-v639.org","Web3 Launchpad Package ($1,400 - $4,500)","Fast-tracking Arbitrum Perp Protocol 639's onchain leverage trading volume & low fees with guaranteed Tier-1 editorial coverage on Cointelegraph & Yahoo Finance."
"Ethereum Swap Protocol 640","Web3 DEX & AMM","https://swap-ethereum-v640.org","Ecosystem & Marketing","contact@swap-ethereum-v640.org","Web3 Launchpad Package ($1,400 - $4,500)","Fast-tracking Ethereum Swap Protocol 640's token liquidity & trading volume milestones with guaranteed Tier-1 editorial coverage on Cointelegraph & Yahoo Finance."
"Optimism Pay Protocol 641","Web3 Web3 Payments","https://pay-optimism-v641.org","Ecosystem & Marketing","contact@pay-optimism-v641.org","Web3 Launchpad Package ($1,400 - $4,500)","Fast-tracking Optimism Pay Protocol 641's merchant crypto gateway adoption & fiat off-ramps with guaranteed Tier-1 editorial coverage on Cointelegraph & Yahoo Finance."
"Avalanche Yield Protocol 642","Web3 Yield Aggregator","https://yield-avalanche-v642.org","Ecosystem & Marketing","contact@yield-avalanche-v642.org","Web3 Launchpad Package ($1,400 - $4,500)","Fast-tracking Avalanche Yield Protocol 642's automated vault strategies & APY optimization with guaranteed Tier-1 editorial coverage on Cointelegraph & Yahoo Finance."
"Solana Oracle Protocol 643","Web3 Data Infrastructure","https://oracle-solana-v643.org","Ecosystem & Marketing","contact@oracle-solana-v643.org","Web3 Launchpad Package ($1,400 - $4,500)","Fast-tracking Solana Oracle Protocol 643's sub-second price feed security & TVL secured with guaranteed Tier-1 editorial coverage on Cointelegraph & Yahoo Finance."
"TON Vault Protocol 644","Web3 Asset Management","https://vault-ton-v644.org","Ecosystem & Marketing","contact@vault-ton-v644.org","Web3 Launchpad Package ($1,400 - $4,500)","Fast-tracking TON Vault Protocol 644's institutional treasury management & risk vaults with guaranteed Tier-1 editorial coverage on Cointelegraph & Yahoo Finance."
"Polygon Lend Protocol 645","Web3 Lending & Borrowing","https://lend-polygon-v645.org","Ecosystem & Marketing","contact@lend-polygon-v645.org","Web3 Launchpad Package ($1,400 - $4,500)","Fast-tracking Polygon Lend Protocol 645's collateral TVL & zero-liquidation yield markets with guaranteed Tier-1 editorial coverage on Cointelegraph & Yahoo Finance."
"Base Launch Protocol 646","Web3 Token Launchpad","https://launch-base-v646.org","Ecosystem & Marketing","contact@launch-base-v646.org","Web3 Launchpad Package ($1,400 - $4,500)","Fast-tracking Base Launch Protocol 646's fair-launch IDO mechanics & presale oversubscriptions with guaranteed Tier-1 editorial coverage on Cointelegraph & Yahoo Finance."
"Sui Perp Protocol 647","Web3 Derivatives Exchange","https://perp-sui-v647.org","Ecosystem & Marketing","contact@perp-sui-v647.org","Web3 Launchpad Package ($1,400 - $4,500)","Fast-tracking Sui Perp Protocol 647's onchain leverage trading volume & low fees with guaranteed Tier-1 editorial coverage on Cointelegraph & Yahoo Finance."
"BNB Chain Swap Protocol 648","Web3 DEX & AMM","https://swap-bnbchain-v648.org","Ecosystem & Marketing","contact@swap-bnbchain-v648.org","Web3 Launchpad Package ($1,400 - $4,500)","Fast-tracking BNB Chain Swap Protocol 648's token liquidity & trading volume milestones with guaranteed Tier-1 editorial coverage on Cointelegraph & Yahoo Finance."
"Arbitrum Pay Protocol 649","Web3 Web3 Payments","https://pay-arbitrum-v649.org","Ecosystem & Marketing","contact@pay-arbitrum-v649.org","Web3 Launchpad Package ($1,400 - $4,500)","Fast-tracking Arbitrum Pay Protocol 649's merchant crypto gateway adoption & fiat off-ramps with guaranteed Tier-1 editorial coverage on Cointelegraph & Yahoo Finance."
"Ethereum Yield Protocol 650","Web3 Yield Aggregator","https://yield-ethereum-v650.org","Ecosystem & Marketing","contact@yield-ethereum-v650.org","Web3 Launchpad Package ($1,400 - $4,500)","Fast-tracking Ethereum Yield Protocol 650's automated vault strategies & APY optimization with guaranteed Tier-1 editorial coverage on Cointelegraph & Yahoo Finance."
"Optimism Oracle Protocol 651","Web3 Data Infrastructure","https://oracle-optimism-v651.org","Ecosystem & Marketing","contact@oracle-optimism-v651.org","Web3 Launchpad Package ($1,400 - $4,500)","Fast-tracking Optimism Oracle Protocol 651's sub-second price feed security & TVL secured with guaranteed Tier-1 editorial coverage on Cointelegraph & Yahoo Finance."
"Avalanche Vault Protocol 652","Web3 Asset Management","https://vault-avalanche-v652.org","Ecosystem & Marketing","contact@vault-avalanche-v652.org","Web3 Launchpad Package ($1,400 - $4,500)","Fast-tracking Avalanche Vault Protocol 652's institutional treasury management & risk vaults with guaranteed Tier-1 editorial coverage on Cointelegraph & Yahoo Finance."
"Solana Lend Protocol 653","Web3 Lending & Borrowing","https://lend-solana-v653.org","Ecosystem & Marketing","contact@lend-solana-v653.org","Web3 Launchpad Package ($1,400 - $4,500)","Fast-tracking Solana Lend Protocol 653's collateral TVL & zero-liquidation yield markets with guaranteed Tier-1 editorial coverage on Cointelegraph & Yahoo Finance."
"TON Launch Protocol 654","Web3 Token Launchpad","https://launch-ton-v654.org","Ecosystem & Marketing","contact@launch-ton-v654.org","Web3 Launchpad Package ($1,400 - $4,500)","Fast-tracking TON Launch Protocol 654's fair-launch IDO mechanics & presale oversubscriptions with guaranteed Tier-1 editorial coverage on Cointelegraph & Yahoo Finance."
"Polygon Perp Protocol 655","Web3 Derivatives Exchange","https://perp-polygon-v655.org","Ecosystem & Marketing","contact@perp-polygon-v655.org","Web3 Launchpad Package ($1,400 - $4,500)","Fast-tracking Polygon Perp Protocol 655's onchain leverage trading volume & low fees with guaranteed Tier-1 editorial coverage on Cointelegraph & Yahoo Finance."
"Base Swap Protocol 656","Web3 DEX & AMM","https://swap-base-v656.org","Ecosystem & Marketing","contact@swap-base-v656.org","Web3 Launchpad Package ($1,400 - $4,500)","Fast-tracking Base Swap Protocol 656's token liquidity & trading volume milestones with guaranteed Tier-1 editorial coverage on Cointelegraph & Yahoo Finance."
"Sui Pay Protocol 657","Web3 Web3 Payments","https://pay-sui-v657.org","Ecosystem & Marketing","contact@pay-sui-v657.org","Web3 Launchpad Package ($1,400 - $4,500)","Fast-tracking Sui Pay Protocol 657's merchant crypto gateway adoption & fiat off-ramps with guaranteed Tier-1 editorial coverage on Cointelegraph & Yahoo Finance."
"BNB Chain Yield Protocol 658","Web3 Yield Aggregator","https://yield-bnbchain-v658.org","Ecosystem & Marketing","contact@yield-bnbchain-v658.org","Web3 Launchpad Package ($1,400 - $4,500)","Fast-tracking BNB Chain Yield Protocol 658's automated vault strategies & APY optimization with guaranteed Tier-1 editorial coverage on Cointelegraph & Yahoo Finance."
"Arbitrum Oracle Protocol 659","Web3 Data Infrastructure","https://oracle-arbitrum-v659.org","Ecosystem & Marketing","contact@oracle-arbitrum-v659.org","Web3 Launchpad Package ($1,400 - $4,500)","Fast-tracking Arbitrum Oracle Protocol 659's sub-second price feed security & TVL secured with guaranteed Tier-1 editorial coverage on Cointelegraph & Yahoo Finance."
"Ethereum Vault Protocol 660","Web3 Asset Management","https://vault-ethereum-v660.org","Ecosystem & Marketing","contact@vault-ethereum-v660.org","Web3 Launchpad Package ($1,400 - $4,500)","Fast-tracking Ethereum Vault Protocol 660's institutional treasury management & risk vaults with guaranteed Tier-1 editorial coverage on Cointelegraph & Yahoo Finance."
"Optimism Lend Protocol 661","Web3 Lending & Borrowing","https://lend-optimism-v661.org","Ecosystem & Marketing","contact@lend-optimism-v661.org","Web3 Launchpad Package ($1,400 - $4,500)","Fast-tracking Optimism Lend Protocol 661's collateral TVL & zero-liquidation yield markets with guaranteed Tier-1 editorial coverage on Cointelegraph & Yahoo Finance."
"Avalanche Launch Protocol 662","Web3 Token Launchpad","https://launch-avalanche-v662.org","Ecosystem & Marketing","contact@launch-avalanche-v662.org","Web3 Launchpad Package ($1,400 - $4,500)","Fast-tracking Avalanche Launch Protocol 662's fair-launch IDO mechanics & presale oversubscriptions with guaranteed Tier-1 editorial coverage on Cointelegraph & Yahoo Finance."
"Solana Perp Protocol 663","Web3 Derivatives Exchange","https://perp-solana-v663.org","Ecosystem & Marketing","contact@perp-solana-v663.org","Web3 Launchpad Package ($1,400 - $4,500)","Fast-tracking Solana Perp Protocol 663's onchain leverage trading volume & low fees with guaranteed Tier-1 editorial coverage on Cointelegraph & Yahoo Finance."
"TON Swap Protocol 664","Web3 DEX & AMM","https://swap-ton-v664.org","Ecosystem & Marketing","contact@swap-ton-v664.org","Web3 Launchpad Package ($1,400 - $4,500)","Fast-tracking TON Swap Protocol 664's token liquidity & trading volume milestones with guaranteed Tier-1 editorial coverage on Cointelegraph & Yahoo Finance."
"Polygon Pay Protocol 665","Web3 Web3 Payments","https://pay-polygon-v665.org","Ecosystem & Marketing","contact@pay-polygon-v665.org","Web3 Launchpad Package ($1,400 - $4,500)","Fast-tracking Polygon Pay Protocol 665's merchant crypto gateway adoption & fiat off-ramps with guaranteed Tier-1 editorial coverage on Cointelegraph & Yahoo Finance."
"Base Yield Protocol 666","Web3 Yield Aggregator","https://yield-base-v666.org","Ecosystem & Marketing","contact@yield-base-v666.org","Web3 Launchpad Package ($1,400 - $4,500)","Fast-tracking Base Yield Protocol 666's automated vault strategies & APY optimization with guaranteed Tier-1 editorial coverage on Cointelegraph & Yahoo Finance."
"Sui Oracle Protocol 667","Web3 Data Infrastructure","https://oracle-sui-v667.org","Ecosystem & Marketing","contact@oracle-sui-v667.org","Web3 Launchpad Package ($1,400 - $4,500)","Fast-tracking Sui Oracle Protocol 667's sub-second price feed security & TVL secured with guaranteed Tier-1 editorial coverage on Cointelegraph & Yahoo Finance."
"BNB Chain Vault Protocol 668","Web3 Asset Management","https://vault-bnbchain-v668.org","Ecosystem & Marketing","contact@vault-bnbchain-v668.org","Web3 Launchpad Package ($1,400 - $4,500)","Fast-tracking BNB Chain Vault Protocol 668's institutional treasury management & risk vaults with guaranteed Tier-1 editorial coverage on Cointelegraph & Yahoo Finance."
"Arbitrum Lend Protocol 669","Web3 Lending & Borrowing","https://lend-arbitrum-v669.org","Ecosystem & Marketing","contact@lend-arbitrum-v669.org","Web3 Launchpad Package ($1,400 - $4,500)","Fast-tracking Arbitrum Lend Protocol 669's collateral TVL & zero-liquidation yield markets with guaranteed Tier-1 editorial coverage on Cointelegraph & Yahoo Finance."
"Ethereum Launch Protocol 670","Web3 Token Launchpad","https://launch-ethereum-v670.org","Ecosystem & Marketing","contact@launch-ethereum-v670.org","Web3 Launchpad Package ($1,400 - $4,500)","Fast-tracking Ethereum Launch Protocol 670's fair-launch IDO mechanics & presale oversubscriptions with guaranteed Tier-1 editorial coverage on Cointelegraph & Yahoo Finance."
"Optimism Perp Protocol 671","Web3 Derivatives Exchange","https://perp-optimism-v671.org","Ecosystem & Marketing","contact@perp-optimism-v671.org","Web3 Launchpad Package ($1,400 - $4,500)","Fast-tracking Optimism Perp Protocol 671's onchain leverage trading volume & low fees with guaranteed Tier-1 editorial coverage on Cointelegraph & Yahoo Finance."
"Avalanche Swap Protocol 672","Web3 DEX & AMM","https://swap-avalanche-v672.org","Ecosystem & Marketing","contact@swap-avalanche-v672.org","Web3 Launchpad Package ($1,400 - $4,500)","Fast-tracking Avalanche Swap Protocol 672's token liquidity & trading volume milestones with guaranteed Tier-1 editorial coverage on Cointelegraph & Yahoo Finance."
"Solana Pay Protocol 673","Web3 Web3 Payments","https://pay-solana-v673.org","Ecosystem & Marketing","contact@pay-solana-v673.org","Web3 Launchpad Package ($1,400 - $4,500)","Fast-tracking Solana Pay Protocol 673's merchant crypto gateway adoption & fiat off-ramps with guaranteed Tier-1 editorial coverage on Cointelegraph & Yahoo Finance."
"TON Yield Protocol 674","Web3 Yield Aggregator","https://yield-ton-v674.org","Ecosystem & Marketing","contact@yield-ton-v674.org","Web3 Launchpad Package ($1,400 - $4,500)","Fast-tracking TON Yield Protocol 674's automated vault strategies & APY optimization with guaranteed Tier-1 editorial coverage on Cointelegraph & Yahoo Finance."
"Polygon Oracle Protocol 675","Web3 Data Infrastructure","https://oracle-polygon-v675.org","Ecosystem & Marketing","contact@oracle-polygon-v675.org","Web3 Launchpad Package ($1,400 - $4,500)","Fast-tracking Polygon Oracle Protocol 675's sub-second price feed security & TVL secured with guaranteed Tier-1 editorial coverage on Cointelegraph & Yahoo Finance."
"Base Vault Protocol 676","Web3 Asset Management","https://vault-base-v676.org","Ecosystem & Marketing","contact@vault-base-v676.org","Web3 Launchpad Package ($1,400 - $4,500)","Fast-tracking Base Vault Protocol 676's institutional treasury management & risk vaults with guaranteed Tier-1 editorial coverage on Cointelegraph & Yahoo Finance."
"Sui Lend Protocol 677","Web3 Lending & Borrowing","https://lend-sui-v677.org","Ecosystem & Marketing","contact@lend-sui-v677.org","Web3 Launchpad Package ($1,400 - $4,500)","Fast-tracking Sui Lend Protocol 677's collateral TVL & zero-liquidation yield markets with guaranteed Tier-1 editorial coverage on Cointelegraph & Yahoo Finance."
"BNB Chain Launch Protocol 678","Web3 Token Launchpad","https://launch-bnbchain-v678.org","Ecosystem & Marketing","contact@launch-bnbchain-v678.org","Web3 Launchpad Package ($1,400 - $4,500)","Fast-tracking BNB Chain Launch Protocol 678's fair-launch IDO mechanics & presale oversubscriptions with guaranteed Tier-1 editorial coverage on Cointelegraph & Yahoo Finance."
"Arbitrum Perp Protocol 679","Web3 Derivatives Exchange","https://perp-arbitrum-v679.org","Ecosystem & Marketing","contact@perp-arbitrum-v679.org","Web3 Launchpad Package ($1,400 - $4,500)","Fast-tracking Arbitrum Perp Protocol 679's onchain leverage trading volume & low fees with guaranteed Tier-1 editorial coverage on Cointelegraph & Yahoo Finance."
"Ethereum Swap Protocol 680","Web3 DEX & AMM","https://swap-ethereum-v680.org","Ecosystem & Marketing","contact@swap-ethereum-v680.org","Web3 Launchpad Package ($1,400 - $4,500)","Fast-tracking Ethereum Swap Protocol 680's token liquidity & trading volume milestones with guaranteed Tier-1 editorial coverage on Cointelegraph & Yahoo Finance."
"Optimism Pay Protocol 681","Web3 Web3 Payments","https://pay-optimism-v681.org","Ecosystem & Marketing","contact@pay-optimism-v681.org","Web3 Launchpad Package ($1,400 - $4,500)","Fast-tracking Optimism Pay Protocol 681's merchant crypto gateway adoption & fiat off-ramps with guaranteed Tier-1 editorial coverage on Cointelegraph & Yahoo Finance."
"Avalanche Yield Protocol 682","Web3 Yield Aggregator","https://yield-avalanche-v682.org","Ecosystem & Marketing","contact@yield-avalanche-v682.org","Web3 Launchpad Package ($1,400 - $4,500)","Fast-tracking Avalanche Yield Protocol 682's automated vault strategies & APY optimization with guaranteed Tier-1 editorial coverage on Cointelegraph & Yahoo Finance."
"Solana Oracle Protocol 683","Web3 Data Infrastructure","https://oracle-solana-v683.org","Ecosystem & Marketing","contact@oracle-solana-v683.org","Web3 Launchpad Package ($1,400 - $4,500)","Fast-tracking Solana Oracle Protocol 683's sub-second price feed security & TVL secured with guaranteed Tier-1 editorial coverage on Cointelegraph & Yahoo Finance."
"TON Vault Protocol 684","Web3 Asset Management","https://vault-ton-v684.org","Ecosystem & Marketing","contact@vault-ton-v684.org","Web3 Launchpad Package ($1,400 - $4,500)","Fast-tracking TON Vault Protocol 684's institutional treasury management & risk vaults with guaranteed Tier-1 editorial coverage on Cointelegraph & Yahoo Finance."
"Polygon Lend Protocol 685","Web3 Lending & Borrowing","https://lend-polygon-v685.org","Ecosystem & Marketing","contact@lend-polygon-v685.org","Web3 Launchpad Package ($1,400 - $4,500)","Fast-tracking Polygon Lend Protocol 685's collateral TVL & zero-liquidation yield markets with guaranteed Tier-1 editorial coverage on Cointelegraph & Yahoo Finance."
"Base Launch Protocol 686","Web3 Token Launchpad","https://launch-base-v686.org","Ecosystem & Marketing","contact@launch-base-v686.org","Web3 Launchpad Package ($1,400 - $4,500)","Fast-tracking Base Launch Protocol 686's fair-launch IDO mechanics & presale oversubscriptions with guaranteed Tier-1 editorial coverage on Cointelegraph & Yahoo Finance."
"Sui Perp Protocol 687","Web3 Derivatives Exchange","https://perp-sui-v687.org","Ecosystem & Marketing","contact@perp-sui-v687.org","Web3 Launchpad Package ($1,400 - $4,500)","Fast-tracking Sui Perp Protocol 687's onchain leverage trading volume & low fees with guaranteed Tier-1 editorial coverage on Cointelegraph & Yahoo Finance."
"BNB Chain Swap Protocol 688","Web3 DEX & AMM","https://swap-bnbchain-v688.org","Ecosystem & Marketing","contact@swap-bnbchain-v688.org","Web3 Launchpad Package ($1,400 - $4,500)","Fast-tracking BNB Chain Swap Protocol 688's token liquidity & trading volume milestones with guaranteed Tier-1 editorial coverage on Cointelegraph & Yahoo Finance."
"Arbitrum Pay Protocol 689","Web3 Web3 Payments","https://pay-arbitrum-v689.org","Ecosystem & Marketing","contact@pay-arbitrum-v689.org","Web3 Launchpad Package ($1,400 - $4,500)","Fast-tracking Arbitrum Pay Protocol 689's merchant crypto gateway adoption & fiat off-ramps with guaranteed Tier-1 editorial coverage on Cointelegraph & Yahoo Finance."
"Ethereum Yield Protocol 690","Web3 Yield Aggregator","https://yield-ethereum-v690.org","Ecosystem & Marketing","contact@yield-ethereum-v690.org","Web3 Launchpad Package ($1,400 - $4,500)","Fast-tracking Ethereum Yield Protocol 690's automated vault strategies & APY optimization with guaranteed Tier-1 editorial coverage on Cointelegraph & Yahoo Finance."
"Optimism Oracle Protocol 691","Web3 Data Infrastructure","https://oracle-optimism-v691.org","Ecosystem & Marketing","contact@oracle-optimism-v691.org","Web3 Launchpad Package ($1,400 - $4,500)","Fast-tracking Optimism Oracle Protocol 691's sub-second price feed security & TVL secured with guaranteed Tier-1 editorial coverage on Cointelegraph & Yahoo Finance."
"Avalanche Vault Protocol 692","Web3 Asset Management","https://vault-avalanche-v692.org","Ecosystem & Marketing","contact@vault-avalanche-v692.org","Web3 Launchpad Package ($1,400 - $4,500)","Fast-tracking Avalanche Vault Protocol 692's institutional treasury management & risk vaults with guaranteed Tier-1 editorial coverage on Cointelegraph & Yahoo Finance."
"Solana Lend Protocol 693","Web3 Lending & Borrowing","https://lend-solana-v693.org","Ecosystem & Marketing","contact@lend-solana-v693.org","Web3 Launchpad Package ($1,400 - $4,500)","Fast-tracking Solana Lend Protocol 693's collateral TVL & zero-liquidation yield markets with guaranteed Tier-1 editorial coverage on Cointelegraph & Yahoo Finance."
"TON Launch Protocol 694","Web3 Token Launchpad","https://launch-ton-v694.org","Ecosystem & Marketing","contact@launch-ton-v694.org","Web3 Launchpad Package ($1,400 - $4,500)","Fast-tracking TON Launch Protocol 694's fair-launch IDO mechanics & presale oversubscriptions with guaranteed Tier-1 editorial coverage on Cointelegraph & Yahoo Finance."
"Polygon Perp Protocol 695","Web3 Derivatives Exchange","https://perp-polygon-v695.org","Ecosystem & Marketing","contact@perp-polygon-v695.org","Web3 Launchpad Package ($1,400 - $4,500)","Fast-tracking Polygon Perp Protocol 695's onchain leverage trading volume & low fees with guaranteed Tier-1 editorial coverage on Cointelegraph & Yahoo Finance."
"Base Swap Protocol 696","Web3 DEX & AMM","https://swap-base-v696.org","Ecosystem & Marketing","contact@swap-base-v696.org","Web3 Launchpad Package ($1,400 - $4,500)","Fast-tracking Base Swap Protocol 696's token liquidity & trading volume milestones with guaranteed Tier-1 editorial coverage on Cointelegraph & Yahoo Finance."
"Sui Pay Protocol 697","Web3 Web3 Payments","https://pay-sui-v697.org","Ecosystem & Marketing","contact@pay-sui-v697.org","Web3 Launchpad Package ($1,400 - $4,500)","Fast-tracking Sui Pay Protocol 697's merchant crypto gateway adoption & fiat off-ramps with guaranteed Tier-1 editorial coverage on Cointelegraph & Yahoo Finance."
"BNB Chain Yield Protocol 698","Web3 Yield Aggregator","https://yield-bnbchain-v698.org","Ecosystem & Marketing","contact@yield-bnbchain-v698.org","Web3 Launchpad Package ($1,400 - $4,500)","Fast-tracking BNB Chain Yield Protocol 698's automated vault strategies & APY optimization with guaranteed Tier-1 editorial coverage on Cointelegraph & Yahoo Finance."
"Arbitrum Oracle Protocol 699","Web3 Data Infrastructure","https://oracle-arbitrum-v699.org","Ecosystem & Marketing","contact@oracle-arbitrum-v699.org","Web3 Launchpad Package ($1,400 - $4,500)","Fast-tracking Arbitrum Oracle Protocol 699's sub-second price feed security & TVL secured with guaranteed Tier-1 editorial coverage on Cointelegraph & Yahoo Finance."
"Ethereum Vault Protocol 700","Web3 Asset Management","https://vault-ethereum-v700.org","Ecosystem & Marketing","contact@vault-ethereum-v700.org","Web3 Launchpad Package ($1,400 - $4,500)","Fast-tracking Ethereum Vault Protocol 700's institutional treasury management & risk vaults with guaranteed Tier-1 editorial coverage on Cointelegraph & Yahoo Finance."
"Optimism Lend Protocol 701","Web3 Lending & Borrowing","https://lend-optimism-v701.org","Ecosystem & Marketing","contact@lend-optimism-v701.org","Web3 Launchpad Package ($1,400 - $4,500)","Fast-tracking Optimism Lend Protocol 701's collateral TVL & zero-liquidation yield markets with guaranteed Tier-1 editorial coverage on Cointelegraph & Yahoo Finance."
"Avalanche Launch Protocol 702","Web3 Token Launchpad","https://launch-avalanche-v702.org","Ecosystem & Marketing","contact@launch-avalanche-v702.org","Web3 Launchpad Package ($1,400 - $4,500)","Fast-tracking Avalanche Launch Protocol 702's fair-launch IDO mechanics & presale oversubscriptions with guaranteed Tier-1 editorial coverage on Cointelegraph & Yahoo Finance."
"Solana Perp Protocol 703","Web3 Derivatives Exchange","https://perp-solana-v703.org","Ecosystem & Marketing","contact@perp-solana-v703.org","Web3 Launchpad Package ($1,400 - $4,500)","Fast-tracking Solana Perp Protocol 703's onchain leverage trading volume & low fees with guaranteed Tier-1 editorial coverage on Cointelegraph & Yahoo Finance."
"TON Swap Protocol 704","Web3 DEX & AMM","https://swap-ton-v704.org","Ecosystem & Marketing","contact@swap-ton-v704.org","Web3 Launchpad Package ($1,400 - $4,500)","Fast-tracking TON Swap Protocol 704's token liquidity & trading volume milestones with guaranteed Tier-1 editorial coverage on Cointelegraph & Yahoo Finance."
"Polygon Pay Protocol 705","Web3 Web3 Payments","https://pay-polygon-v705.org","Ecosystem & Marketing","contact@pay-polygon-v705.org","Web3 Launchpad Package ($1,400 - $4,500)","Fast-tracking Polygon Pay Protocol 705's merchant crypto gateway adoption & fiat off-ramps with guaranteed Tier-1 editorial coverage on Cointelegraph & Yahoo Finance."
"Base Yield Protocol 706","Web3 Yield Aggregator","https://yield-base-v706.org","Ecosystem & Marketing","contact@yield-base-v706.org","Web3 Launchpad Package ($1,400 - $4,500)","Fast-tracking Base Yield Protocol 706's automated vault strategies & APY optimization with guaranteed Tier-1 editorial coverage on Cointelegraph & Yahoo Finance."
"Sui Oracle Protocol 707","Web3 Data Infrastructure","https://oracle-sui-v707.org","Ecosystem & Marketing","contact@oracle-sui-v707.org","Web3 Launchpad Package ($1,400 - $4,500)","Fast-tracking Sui Oracle Protocol 707's sub-second price feed security & TVL secured with guaranteed Tier-1 editorial coverage on Cointelegraph & Yahoo Finance."
"BNB Chain Vault Protocol 708","Web3 Asset Management","https://vault-bnbchain-v708.org","Ecosystem & Marketing","contact@vault-bnbchain-v708.org","Web3 Launchpad Package ($1,400 - $4,500)","Fast-tracking BNB Chain Vault Protocol 708's institutional treasury management & risk vaults with guaranteed Tier-1 editorial coverage on Cointelegraph & Yahoo Finance."
"Arbitrum Lend Protocol 709","Web3 Lending & Borrowing","https://lend-arbitrum-v709.org","Ecosystem & Marketing","contact@lend-arbitrum-v709.org","Web3 Launchpad Package ($1,400 - $4,500)","Fast-tracking Arbitrum Lend Protocol 709's collateral TVL & zero-liquidation yield markets with guaranteed Tier-1 editorial coverage on Cointelegraph & Yahoo Finance."
"Ethereum Launch Protocol 710","Web3 Token Launchpad","https://launch-ethereum-v710.org","Ecosystem & Marketing","contact@launch-ethereum-v710.org","Web3 Launchpad Package ($1,400 - $4,500)","Fast-tracking Ethereum Launch Protocol 710's fair-launch IDO mechanics & presale oversubscriptions with guaranteed Tier-1 editorial coverage on Cointelegraph & Yahoo Finance."
"Optimism Perp Protocol 711","Web3 Derivatives Exchange","https://perp-optimism-v711.org","Ecosystem & Marketing","contact@perp-optimism-v711.org","Web3 Launchpad Package ($1,400 - $4,500)","Fast-tracking Optimism Perp Protocol 711's onchain leverage trading volume & low fees with guaranteed Tier-1 editorial coverage on Cointelegraph & Yahoo Finance."
"Avalanche Swap Protocol 712","Web3 DEX & AMM","https://swap-avalanche-v712.org","Ecosystem & Marketing","contact@swap-avalanche-v712.org","Web3 Launchpad Package ($1,400 - $4,500)","Fast-tracking Avalanche Swap Protocol 712's token liquidity & trading volume milestones with guaranteed Tier-1 editorial coverage on Cointelegraph & Yahoo Finance."
"Solana Pay Protocol 713","Web3 Web3 Payments","https://pay-solana-v713.org","Ecosystem & Marketing","contact@pay-solana-v713.org","Web3 Launchpad Package ($1,400 - $4,500)","Fast-tracking Solana Pay Protocol 713's merchant crypto gateway adoption & fiat off-ramps with guaranteed Tier-1 editorial coverage on Cointelegraph & Yahoo Finance."
"TON Yield Protocol 714","Web3 Yield Aggregator","https://yield-ton-v714.org","Ecosystem & Marketing","contact@yield-ton-v714.org","Web3 Launchpad Package ($1,400 - $4,500)","Fast-tracking TON Yield Protocol 714's automated vault strategies & APY optimization with guaranteed Tier-1 editorial coverage on Cointelegraph & Yahoo Finance."
"Polygon Oracle Protocol 715","Web3 Data Infrastructure","https://oracle-polygon-v715.org","Ecosystem & Marketing","contact@oracle-polygon-v715.org","Web3 Launchpad Package ($1,400 - $4,500)","Fast-tracking Polygon Oracle Protocol 715's sub-second price feed security & TVL secured with guaranteed Tier-1 editorial coverage on Cointelegraph & Yahoo Finance."
"Base Vault Protocol 716","Web3 Asset Management","https://vault-base-v716.org","Ecosystem & Marketing","contact@vault-base-v716.org","Web3 Launchpad Package ($1,400 - $4,500)","Fast-tracking Base Vault Protocol 716's institutional treasury management & risk vaults with guaranteed Tier-1 editorial coverage on Cointelegraph & Yahoo Finance."
"Sui Lend Protocol 717","Web3 Lending & Borrowing","https://lend-sui-v717.org","Ecosystem & Marketing","contact@lend-sui-v717.org","Web3 Launchpad Package ($1,400 - $4,500)","Fast-tracking Sui Lend Protocol 717's collateral TVL & zero-liquidation yield markets with guaranteed Tier-1 editorial coverage on Cointelegraph & Yahoo Finance."
"BNB Chain Launch Protocol 718","Web3 Token Launchpad","https://launch-bnbchain-v718.org","Ecosystem & Marketing","contact@launch-bnbchain-v718.org","Web3 Launchpad Package ($1,400 - $4,500)","Fast-tracking BNB Chain Launch Protocol 718's fair-launch IDO mechanics & presale oversubscriptions with guaranteed Tier-1 editorial coverage on Cointelegraph & Yahoo Finance."
"Arbitrum Perp Protocol 719","Web3 Derivatives Exchange","https://perp-arbitrum-v719.org","Ecosystem & Marketing","contact@perp-arbitrum-v719.org","Web3 Launchpad Package ($1,400 - $4,500)","Fast-tracking Arbitrum Perp Protocol 719's onchain leverage trading volume & low fees with guaranteed Tier-1 editorial coverage on Cointelegraph & Yahoo Finance."
"Ethereum Swap Protocol 720","Web3 DEX & AMM","https://swap-ethereum-v720.org","Ecosystem & Marketing","contact@swap-ethereum-v720.org","Web3 Launchpad Package ($1,400 - $4,500)","Fast-tracking Ethereum Swap Protocol 720's token liquidity & trading volume milestones with guaranteed Tier-1 editorial coverage on Cointelegraph & Yahoo Finance."
"Optimism Pay Protocol 721","Web3 Web3 Payments","https://pay-optimism-v721.org","Ecosystem & Marketing","contact@pay-optimism-v721.org","Web3 Launchpad Package ($1,400 - $4,500)","Fast-tracking Optimism Pay Protocol 721's merchant crypto gateway adoption & fiat off-ramps with guaranteed Tier-1 editorial coverage on Cointelegraph & Yahoo Finance."
"Avalanche Yield Protocol 722","Web3 Yield Aggregator","https://yield-avalanche-v722.org","Ecosystem & Marketing","contact@yield-avalanche-v722.org","Web3 Launchpad Package ($1,400 - $4,500)","Fast-tracking Avalanche Yield Protocol 722's automated vault strategies & APY optimization with guaranteed Tier-1 editorial coverage on Cointelegraph & Yahoo Finance."
"Solana Oracle Protocol 723","Web3 Data Infrastructure","https://oracle-solana-v723.org","Ecosystem & Marketing","contact@oracle-solana-v723.org","Web3 Launchpad Package ($1,400 - $4,500)","Fast-tracking Solana Oracle Protocol 723's sub-second price feed security & TVL secured with guaranteed Tier-1 editorial coverage on Cointelegraph & Yahoo Finance."
"TON Vault Protocol 724","Web3 Asset Management","https://vault-ton-v724.org","Ecosystem & Marketing","contact@vault-ton-v724.org","Web3 Launchpad Package ($1,400 - $4,500)","Fast-tracking TON Vault Protocol 724's institutional treasury management & risk vaults with guaranteed Tier-1 editorial coverage on Cointelegraph & Yahoo Finance."
"Polygon Lend Protocol 725","Web3 Lending & Borrowing","https://lend-polygon-v725.org","Ecosystem & Marketing","contact@lend-polygon-v725.org","Web3 Launchpad Package ($1,400 - $4,500)","Fast-tracking Polygon Lend Protocol 725's collateral TVL & zero-liquidation yield markets with guaranteed Tier-1 editorial coverage on Cointelegraph & Yahoo Finance."
"Base Launch Protocol 726","Web3 Token Launchpad","https://launch-base-v726.org","Ecosystem & Marketing","contact@launch-base-v726.org","Web3 Launchpad Package ($1,400 - $4,500)","Fast-tracking Base Launch Protocol 726's fair-launch IDO mechanics & presale oversubscriptions with guaranteed Tier-1 editorial coverage on Cointelegraph & Yahoo Finance."
"Sui Perp Protocol 727","Web3 Derivatives Exchange","https://perp-sui-v727.org","Ecosystem & Marketing","contact@perp-sui-v727.org","Web3 Launchpad Package ($1,400 - $4,500)","Fast-tracking Sui Perp Protocol 727's onchain leverage trading volume & low fees with guaranteed Tier-1 editorial coverage on Cointelegraph & Yahoo Finance."
"BNB Chain Swap Protocol 728","Web3 DEX & AMM","https://swap-bnbchain-v728.org","Ecosystem & Marketing","contact@swap-bnbchain-v728.org","Web3 Launchpad Package ($1,400 - $4,500)","Fast-tracking BNB Chain Swap Protocol 728's token liquidity & trading volume milestones with guaranteed Tier-1 editorial coverage on Cointelegraph & Yahoo Finance."
"Arbitrum Pay Protocol 729","Web3 Web3 Payments","https://pay-arbitrum-v729.org","Ecosystem & Marketing","contact@pay-arbitrum-v729.org","Web3 Launchpad Package ($1,400 - $4,500)","Fast-tracking Arbitrum Pay Protocol 729's merchant crypto gateway adoption & fiat off-ramps with guaranteed Tier-1 editorial coverage on Cointelegraph & Yahoo Finance."